date,sendung,prozent,frames,res,url
2017-10-22,h19,11.9%,2F1T,1/10,http://podfiles.zdf.de/podcast/zdf_podcasts/17/10/171022_sendung_h19/2/171022_sendung_h19_1496k_p20v13.mp4
2017-10-22,t20,13.1%,73F2T,1/10,http://media.tagesschau.de/video/2017/1022/TV-20171022-2023-1501.h264.mp4
2017-10-21,hjo,0%,93FNANA,1/10,http://podfiles.zdf.de/podcast/zdf_podcasts/17/10/171021_hjo/1/171021_hjo_1496k_p20v13.mp4
2017-10-23,t20,0%,309FNANA,1/3,http://media.tagesschau.de/video/2017/1023/TV-20171023-2023-2601.h264.mp4
2017-10-23,hjo,1%,504F6T,1/3,http://podfiles.zdf.de/podcast/zdf_podcasts/17/10/171023_sendung_hjo/2/171023_sendung_hjo_1496k_p20v13.mp4
2017-10-23,h19,6.9%,322F15T,1/3,http://podfiles.zdf.de/podcast/zdf_podcasts/17/10/171023_sendung_h19/2/171023_sendung_h19_1496k_p20v13.mp4
2017-10-24,t20,0%,308FNANA,1/3,http://media.tagesschau.de/video/2017/1024/TV-20171024-2021-3501.h264.mp4
2017-10-24,hjo,1%,540F6T,1/3,http://podfiles.zdf.de/podcast/zdf_podcasts/17/10/171024_sendung_hjo/1/171024_sendung_hjo_1496k_p20v13.mp4
2017-10-17,h19,0%,387FNANA,1/3,http://podfiles.zdf.de/podcast/zdf_podcasts/17/10/171017_sendung_h19/2/171017_sendung_h19_1496k_p20v13.mp4
2017-10-25,t20,0%,311FNANA,1/3,http://media.tagesschau.de/video/2017/1025/TV-20171025-2025-0401.h264.mp4
2017-10-25,hjo,0%,603FNANA,1/3,http://podfiles.zdf.de/podcast/zdf_podcasts/17/10/171025_sendung_hjo/1/171025_sendung_hjo_1496k_p20v13.mp4
2017-10-26,t20,0%,310FNANA,1/3,http://media.tagesschau.de/video/2017/1026/TV-20171026-2218-5701.h264.mp4
2017-10-27,t20,0%,337FNANA,1/3,http://media.tagesschau.de/video/2017/1027/TV-20171027-2022-3601.h264.mp4
2017-10-27,hjo,0.3%,224F2T,1/3,http://podfiles.zdf.de/podcast/zdf_podcasts/17/10/171027_sendung_hjo/2/171027_sendung_hjo_1496k_p20v13.mp4
2017-10-24,h19,7.5%,319F18T,1/3,https://downloadzdf-a.akamaihd.net/mp4/zdf/17/10/171024_sendung_h19/2/171024_sendung_h19_1496k_p13v13.mp4
2017-10-25,h19,4.2%,310F4T,1/3,https://downloadzdf-a.akamaihd.net/mp4/zdf/17/10/171025_sendung_h19/2/171025_sendung_h19_1496k_p13v13.mp4
2017-10-16,h19,0%,364FNANA,1/3,http://podfiles.zdf.de/podcast/zdf_podcasts/17/10/171016_sendung_h19/2/171016_sendung_h19_1496k_p20v13.mp4
2017-10-27,h19,7.4%,304F16T,1/3,https://downloadzdf-a.akamaihd.net/mp4/zdf/17/10/171027_sendung_h19/2/171027_sendung_h19_1496k_p13v13.mp4
2017-10-26,h19,7.9%,318F21T,1/3,https://downloadzdf-a.akamaihd.net/mp4/zdf/17/10/171026_sendung_h19/2/171026_sendung_h19_1496k_p13v13.mp4
2017-10-28,hjo,0%,299FNANA,1/3,https://downloadzdf-a.akamaihd.net/mp4/zdf/17/10/171028_sendung_hjo/1/171028_sendung_hjo_1496k_p13v13.mp4
2017-10-28,t20,0%,337FNANA,1/3,http://media.tagesschau.de/video/2017/1027/TV-20171027-2022-3601.h264.mp4
2017-10-28,h19,0%,397FNANA,1/3,https://downloadzdf-a.akamaihd.net/mp4/zdf/17/10/171028_sendung_19/2/171028_sendung_19_1496k_p13v13.mp4
2017-10-29,t20,4.4%,263F3T,1/3,http://media.tagesschau.de/video/2017/1029/TV-20171029-2022-4901.h264.mp4
2017-10-29,h19,0%,196FNANA,1/3,https://downloadzdf-a.akamaihd.net/mp4/zdf/17/10/171029_sendung_h19/2/171029_sendung_h19_1496k_p13v13.mp4
2017-10-29,hjo,2.3%,214F7T,1/3,https://downloadzdf-a.akamaihd.net/mp4/zdf/17/10/171029_sendung_hjo/1/171029_sendung_hjo_1496k_p13v13.mp4
2017-10-30,t20,4.4%,263F3T,1/3,http://media.tagesschau.de/video/2017/1029/TV-20171029-2022-4901.h264.mp4
2017-10-30,h19,11.6%,9F3T,1/3,https://downloadzdf-a.akamaihd.net/mp4/zdf/17/10/171030_sendung_h19/2/171030_sendung_h19_1496k_p13v13.mp4
2017-10-30,hjo,10.1%,514F62T,1/3,https://downloadzdf-a.akamaihd.net/mp4/zdf/17/10/171030_sendung_hjo/1/171030_sendung_hjo_1496k_p13v13.mp4
2017-10-31,t20,4.1%,325F3T,1/3,http://media.tagesschau.de/video/2017/1030/TV-20171030-2026-2401.h264.mp4
2017-10-31,hjo,3.3%,181F10T,1/3,https://downloadzdf-a.akamaihd.net/mp4/zdf/17/10/171031_sendung_hjo/1/171031_sendung_hjo_1496k_p13v13.mp4
2017-11-01,h19,4.8%,8F3T,1/3,https://downloadzdf-a.akamaihd.net/mp4/zdf/17/11/171101_sendung_h19/2/171101_sendung_h19_1496k_p13v13.mp4
2017-11-01,t20,0%,328FNANA,1/3,http://media.tagesschau.de/video/2017/1031/TV-20171031-2022-5901.h264.mp4
2017-11-01,hjo,0%,208FNANA,1/3,https://downloadzdf-a.akamaihd.net/mp4/zdf/17/11/171101_sendung_hjo/1/171101_sendung_hjo_1496k_p13v13.mp4
2017-10-31,h19,0%,302FNANA,1/3,https://rodlzdf-a.akamaihd.net/none/zdf/17/10/171031_h19/2/171031_h19_2328k_p35v13.mp4
2017-11-02,t20,0%,323FNANA,1/3,http://media.tagesschau.de/video/2017/1102/TV-20171102-2021-3701.h264.mp4
2017-11-02,h19,8%,292F2T,1/3,https://rodlzdf-a.akamaihd.net/none/zdf/17/11/171102_sendung_h19/2/171102_sendung_h19_2328k_p35v13.mp4
2017-11-02,hjo,0%,587FNANA,1/3,https://rodlzdf-a.akamaihd.net/none/zdf/17/11/171102_sendung_hjo/1/171102_sendung_hjo_2328k_p35v13.mp4
2017-11-03,h19,9.7%,322F20T,1/3,https://rodlzdf-a.akamaihd.net/none/zdf/17/11/171103_sendung_h19/1/171103_sendung_h19_2328k_p35v13.mp4
2017-11-03,t20,3.8%,257F5T,1/3,http://media.tagesschau.de/video/2017/1103/TV-20171103-2043-3601.h264.mp4
2017-11-03,hjo,0%,581FNANA,1/3,https://rodlzdf-a.akamaihd.net/none/zdf/17/11/171103_sendung_hjo/1/171103_sendung_hjo_2328k_p35v13.mp4
2017-11-04,h19,1.7%,365F7T,1/3,https://rodlzdf-a.akamaihd.net/none/zdf/17/11/171104_sendung_h19/1/171104_sendung_h19_2328k_p35v13.mp4
2017-11-04,t20,12.3%,211F7T,1/3,http://media.tagesschau.de/video/2017/1104/TV-20171104-2023-1001.h264.mp4
2017-11-04,hjo,5.8%,104F13T,1/3,https://rodlzdf-a.akamaihd.net/none/zdf/17/11/171104_sendung_hjo/1/171104_sendung_hjo_2328k_p35v13.mp4
2017-11-05,h19,11.7%,151F12T,1/3,https://rodlzdf-a.akamaihd.net/none/zdf/17/11/171105_sendung_h19/1/171105_sendung_h19_2328k_p35v13.mp4
2017-11-05,t20,5.2%,257F12T,1/3,http://media.tagesschau.de/video/2017/1105/TV-20171105-2022-2001.h264.mp4
2017-11-05,hjo,0%,362FNANA,1/3,https://rodlzdf-a.akamaihd.net/none/zdf/17/11/171105_sendung_hjo/1/171105_sendung_hjo_2328k_p35v13.mp4
2017-11-06,h19,7.1%,8F3T,1/3,https://rodlzdf-a.akamaihd.net/none/zdf/17/11/171106_sendung_h19/1/171106_sendung_h19_2328k_p35v13.mp4
2017-11-06,t20,0%,316FNANA,1/3,http://media.tagesschau.de/video/2017/1106/TV-20171106-2021-5501.h264.mp4
2017-11-06,hjo,1%,495F6T,1/3,https://rodlzdf-a.akamaihd.net/none/zdf/17/11/171106_sendung_hjo/1/171106_sendung_hjo_2328k_p35v13.mp4
2017-11-07,h19,0%,389FNANA,1/3,https://rodlzdf-a.akamaihd.net/none/zdf/17/11/171107_sendung_h19/1/171107_sendung_h19_2328k_p35v13.mp4
2017-11-07,t20,0%,301FNANA,1/3,http://media.tagesschau.de/video/2017/1107/TV-20171107-2020-2701.h264.mp4
2017-11-07,hjo,0%,582FNANA,1/3,https://rodlzdf-a.akamaihd.net/none/zdf/17/11/171107_sendung_hjo/1/171107_sendung_hjo_2328k_p35v13.mp4
2017-11-08,h19,4.2%,296F5T,1/3,https://rodlzdf-a.akamaihd.net/none/zdf/17/11/171108_sendung_h19/1/171108_sendung_h19_2328k_p35v13.mp4
2017-11-08,t20,0%,306FNANA,1/3,http://media.tagesschau.de/video/2017/1108/TV-20171108-2021-0501.h264.mp4
2017-11-08,hjo,1.2%,474F7T,1/3,https://rodlzdf-a.akamaihd.net/none/zdf/17/11/171108_sendung_hjo/1/171108_sendung_hjo_2328k_p35v13.mp4
2017-11-09,h19,5.2%,7F4T,1/3,https://rodlzdf-a.akamaihd.net/none/zdf/17/11/171109_sendung_h19/1/171109_sendung_h19_2328k_p35v13.mp4
2017-11-09,t20,0%,307FNANA,1/3,http://media.tagesschau.de/video/2017/1109/TV-20171109-2021-0001.h264.mp4
2017-11-09,hjo,0%,604FNANA,1/3,https://rodlzdf-a.akamaihd.net/none/zdf/17/11/171109_sendung_hjo/1/171109_sendung_hjo_2328k_p35v13.mp4
2017-11-10,h19,1.5%,7F2T,1/3,https://rodlzdf-a.akamaihd.net/none/zdf/17/11/171110_sendung_h19/1/171110_sendung_h19_2328k_p35v13.mp4
2017-11-10,t20,0%,338FNANA,1/3,http://media.tagesschau.de/video/2017/1110/TV-20171110-2024-1501.h264.mp4
2017-11-10,hjo,0%,187FNANA,1/3,https://rodlzdf-a.akamaihd.net/none/zdf/17/11/171110_sendung_hjo/1/171110_sendung_hjo_2328k_p35v13.mp4
2017-11-11,t20,2.3%,297F4T,1/3,http://media.tagesschau.de/video/2017/1111/TV-20171111-2024-4901.h264.mp4
2017-11-11,h19,10.1%,297F15T,1/3,https://rodlzdf-a.akamaihd.net/none/zdf/17/11/171111_h19/2/171111_h19_2328k_p35v13.mp4
2017-11-11,hjo,0%,208FNANA,1/3,https://rodlzdf-a.akamaihd.net/none/zdf/17/11/171111_sendung_hjo/1/171111_sendung_hjo_2328k_p35v13.mp4
2017-11-12,h19,14.8%,8F2T,1/3,https://rodlzdf-a.akamaihd.net/none/zdf/17/11/171112_sendung_h19/1/171112_sendung_h19_2328k_p35v13.mp4
2017-11-12,t20,2.2%,283F4T,1/3,http://media.tagesschau.de/video/2017/1112/TV-20171112-2022-1101.h264.mp4
2017-11-12,hjo,8.1%,269F12T,1/3,https://rodlzdf-a.akamaihd.net/none/zdf/17/11/171112_sendung_hjo/1/171112_sendung_hjo_2328k_p35v13.mp4
2017-11-13,t20,0%,300FNANA,1/3,http://media.tagesschau.de/video/2017/1113/TV-20171113-2020-4901.h264.mp4
2017-11-13,h19,9.8%,10F3T,1/3,https://rodlzdf-a.akamaihd.net/none/zdf/17/11/171113_h19/2/171113_h19_2328k_p35v13.mp4
2017-11-14,h19,3.5%,347F14T,1/3,https://rodlzdf-a.akamaihd.net/none/zdf/17/11/171114_sendung_h19/1/171114_sendung_h19_2328k_p35v13.mp4
2017-11-14,t20,8.7%,228F13T,1/3,http://media.tagesschau.de/video/2017/1114/TV-20171114-2022-3501.h264.mp4
2017-11-14,hjo,11.2%,493F18T,1/3,https://rodlzdf-a.akamaihd.net/none/zdf/17/11/171114_sendung_hjo/1/171114_sendung_hjo_2328k_p35v13.mp4
2017-11-15,h19,3.9%,322F15T,1/3,https://rodlzdf-a.akamaihd.net/none/zdf/17/11/171115_sendung_h19/1/171115_sendung_h19_2328k_p35v13.mp4
2017-11-15,t20,0%,322FNANA,1/3,http://media.tagesschau.de/video/2017/1115/TV-20171115-2023-1101.h264.mp4
2017-11-15,hjo,0%,574FNANA,1/3,https://rodlzdf-a.akamaihd.net/none/zdf/17/11/171115_sendung_hjo/1/171115_sendung_hjo_2328k_p35v13.mp4
2017-11-16,h19,4.9%,322F14T,1/3,https://rodlzdf-a.akamaihd.net/none/zdf/17/11/171116_sendung_h19/1/171116_sendung_h19_2328k_p35v13.mp4
2017-11-16,t20,0%,307FNANA,1/3,http://media.tagesschau.de/video/2017/1116/TV-20171116-2023-4601.h264.mp4
2017-11-16,hjo,0%,629FNANA,1/3,https://rodlzdf-a.akamaihd.net/none/zdf/17/11/171116_sendung_hjo/1/171116_sendung_hjo_2328k_p35v13.mp4
2017-11-17,h19,10.1%,303F9T,1/3,https://rodlzdf-a.akamaihd.net/none/zdf/17/11/171117_sendung_h19/1/171117_sendung_h19_2328k_p35v13.mp4
2017-11-17,t20,1.9%,222F2T,1/3,http://media.tagesschau.de/video/2017/1117/TV-20171117-2023-1101.h264.mp4
2017-11-17,hjo,0%,618FNANA,1/3,https://rodlzdf-a.akamaihd.net/none/zdf/17/11/171117_sendung_hjo/1/171117_sendung_hjo_2328k_p35v13.mp4
2017-11-18,h19,0%,405FNANA,1/3,https://rodlzdf-a.akamaihd.net/none/zdf/17/11/171118_sendung_h19/1/171118_sendung_h19_2328k_p35v13.mp4
2017-11-18,t20,11.3%,217F4T,1/3,http://media.tagesschau.de/video/2017/1118/TV-20171118-2021-0401.h264.mp4
2017-11-18,hjo,0%,338FNANA,1/3,https://rodlzdf-a.akamaihd.net/none/zdf/17/11/171118_sendung_hjo/1/171118_sendung_hjo_2328k_p35v13.mp4
2017-11-19,h19,0%,201FNANA,1/3,https://rodlzdf-a.akamaihd.net/none/zdf/17/11/171119_sendung_h19/2/171119_sendung_h19_2328k_p35v13.mp4
2017-11-19,t20,0%,300FNANA,1/3,http://media.tagesschau.de/video/2017/1119/TV-20171119-2029-1401.h264.mp4
2017-11-19,hjo,0%,436FNANA,1/3,https://rodlzdf-a.akamaihd.net/none/zdf/17/11/171119_sendung_hjo/1/171119_sendung_hjo_2328k_p35v13.mp4
2017-11-20,h19,0%,441FNANA,1/3,https://rodlzdf-a.akamaihd.net/none/zdf/17/11/171120_sendung_h19/1/171120_sendung_h19_2328k_p35v13.mp4
2017-11-20,t20,0%,310FNANA,1/3,http://media.tagesschau.de/video/2017/1120/TV-20171120-2021-4301.h264.mp4
2017-11-20,hjo,0.5%,856F5T,1/3,https://rodlzdf-a.akamaihd.net/none/zdf/17/11/171120_sendung_hjo/1/171120_sendung_hjo_2328k_p35v13.mp4
2017-11-21,h19,17.9%,7F4T,1/3,https://rodlzdf-a.akamaihd.net/none/zdf/17/11/171121_sendung_h19/1/171121_sendung_h19_2328k_p35v13.mp4
2017-11-21,t20,0%,306FNANA,1/3,http://media.tagesschau.de/video/2017/1121/TV-20171121-2105-3201.h264.mp4
2017-11-21,hjo,4.3%,511F25T,1/3,https://rodlzdf-a.akamaihd.net/none/zdf/17/11/171121_sendung_hjo/1/171121_sendung_hjo_2328k_p35v13.mp4
2017-11-22,h19,5%,7F3T,1/3,https://rodlzdf-a.akamaihd.net/none/zdf/17/11/171122_sendung_h19/1/171122_sendung_h19_2328k_p35v13.mp4
2017-11-22,t20,1.6%,272F4T,1/3,http://media.tagesschau.de/video/2017/1122/TV-20171122-2022-3601.h264.mp4
2017-11-22,hjo,0%,195FNANA,1/3,https://rodlzdf-a.akamaihd.net/none/zdf/17/11/171122_sendung_hjo/1/171122_sendung_hjo_2328k_p35v13.mp4
2017-11-23,h19,7.3%,298F17T,1/3,https://rodlzdf-a.akamaihd.net/none/zdf/17/11/171123_sendung_h19/1/171123_sendung_h19_2328k_p35v13.mp4
2017-11-23,t20,0.9%,273F1T,1/3,http://media.tagesschau.de/video/2017/1123/TV-20171123-2025-4901.h264.mp4
2017-11-23,hjo,0%,593FNANA,1/3,https://rodlzdf-a.akamaihd.net/none/zdf/17/11/171123_sendung_hjo/1/171123_sendung_hjo_2328k_p35v13.mp4
2017-11-24,h19,4.5%,329F13T,1/3,https://rodlzdf-a.akamaihd.net/none/zdf/17/11/171124_sendung_h19/1/171124_sendung_h19_2328k_p35v13.mp4
2017-11-24,t20,0%,301FNANA,1/3,http://media.tagesschau.de/video/2017/1124/TV-20171124-2047-0901.h264.mp4
2017-11-24,hjo,2.6%,485F2T,1/3,https://rodlzdf-a.akamaihd.net/none/zdf/17/11/171124_sendung_hjo/1/171124_sendung_hjo_2328k_p35v13.mp4
2017-11-25,h19,0%,407FNANA,1/3,https://rodlzdf-a.akamaihd.net/none/zdf/17/11/171125_sendung_h19/1/171125_sendung_h19_2328k_p35v13.mp4
2017-11-25,t20,11.1%,226F4T,1/3,http://media.tagesschau.de/video/2017/1125/TV-20171125-2022-4201.h264.mp4
2017-11-25,hjo,0%,302FNANA,1/3,https://rodlzdf-a.akamaihd.net/none/zdf/17/11/171125_sendung_hjo/1/171125_sendung_hjo_2328k_p35v13.mp4
2017-11-26,h19,7.5%,169F5T,1/3,https://rodlzdf-a.akamaihd.net/none/zdf/17/11/171126_sendung_h19/2/171126_sendung_h19_2328k_p35v13.mp4
2017-11-26,t20,8.4%,224F1T,1/3,http://media.tagesschau.de/video/2017/1126/TV-20171126-2035-1801.h264.mp4
2017-11-26,hjo,9.2%,244F27T,1/3,https://rodlzdf-a.akamaihd.net/none/zdf/17/11/171126_sendung_hjo/1/171126_sendung_hjo_2328k_p35v13.mp4
2017-11-27,h19,2.2%,360F9T,1/3,https://rodlzdf-a.akamaihd.net/none/zdf/17/11/171127_sendung_h19/1/171127_sendung_h19_2328k_p35v13.mp4
2017-11-27,t20,0%,312FNANA,1/3,http://media.tagesschau.de/video/2017/1127/TV-20171127-2021-1301.h264.mp4
2017-11-27,hjo,0%,556FNANA,1/3,https://rodlzdf-a.akamaihd.net/none/zdf/17/11/171127_sendung_hjo/1/171127_sendung_hjo_2328k_p35v13.mp4
2017-11-28,h19,3.7%,318F15T,1/3,https://rodlzdf-a.akamaihd.net/none/zdf/17/11/171128_sendung_h19/1/171128_sendung_h19_2328k_p35v13.mp4
2017-11-28,t20,0%,306FNANA,1/3,http://media.tagesschau.de/video/2017/1128/TV-20171128-2022-3001.h264.mp4
2017-11-28,hjo,0%,596FNANA,1/3,https://rodlzdf-a.akamaihd.net/none/zdf/17/11/171128_sendung_hjo/1/171128_sendung_hjo_2328k_p35v13.mp4
2017-11-29,h19,3.7%,319F14T,1/3,https://rodlzdf-a.akamaihd.net/none/zdf/17/11/171129_sendung_h19/1/171129_sendung_h19_2328k_p35v13.mp4
2017-11-29,t20,0%,318FNANA,1/3,http://media.tagesschau.de/video/2017/1129/TV-20171129-2054-5501.h264.mp4
2017-11-29,hjo,0%,597FNANA,1/3,https://rodlzdf-a.akamaihd.net/none/zdf/17/11/171129_sendung_hjo/1/171129_sendung_hjo_2328k_p35v13.mp4
2017-11-30,h19,0%,368FNANA,1/3,https://rodlzdf-a.akamaihd.net/none/zdf/17/11/171130_sendung_h19/1/171130_sendung_h19_2328k_p35v13.mp4
2017-11-30,t20,0%,313FNANA,1/3,http://media.tagesschau.de/video/2017/1130/TV-20171130-2021-2601.h264.mp4
2017-11-30,hjo,0%,590FNANA,1/3,https://rodlzdf-a.akamaihd.net/none/zdf/17/11/171130_sendung_hjo/1/171130_sendung_hjo_2328k_p35v13.mp4
2017-12-01,h19,2%,306F8T,1/3,https://rodlzdf-a.akamaihd.net/none/zdf/17/12/171201_sendung_h19/1/171201_sendung_h19_2328k_p35v13.mp4
2017-12-01,t20,0%,367FNANA,1/3,http://media.tagesschau.de/video/2017/1201/TV-20171201-2026-0301.h264.mp4
2017-12-01,hjo,0%,545FNANA,1/3,https://rodlzdf-a.akamaihd.net/none/zdf/17/12/171201_sendung_hjo/1/171201_sendung_hjo_2328k_p35v13.mp4
2017-12-02,h19,0%,410FNANA,1/3,https://rodlzdf-a.akamaihd.net/none/zdf/17/12/171202_sendung_h19/1/171202_sendung_h19_2328k_p35v13.mp4
2017-12-02,t20,13.5%,181F5T,1/3,http://media.tagesschau.de/video/2017/1202/TV-20171202-2023-2601.h264.mp4
2017-12-02,hjo,0%,282FNANA,1/3,https://rodlzdf-a.akamaihd.net/none/zdf/17/12/171202_sendung_hjo/1/171202_sendung_hjo_2328k_p35v13.mp4
2017-12-03,h19,0%,204FNANA,1/3,https://rodlzdf-a.akamaihd.net/none/zdf/17/12/171203_sendung_h19/1/171203_sendung_h19_2328k_p35v13.mp4
2017-12-03,t20,5.6%,246F6T,1/3,http://media.tagesschau.de/video/2017/1203/TV-20171203-2023-3801.h264.mp4
2017-12-04,h19,5%,324F11T,1/3,https://rodlzdf-a.akamaihd.net/none/zdf/17/12/171204_sendung_h19/1/171204_sendung_h19_2328k_p35v13.mp4
2017-12-04,t20,0%,305FNANA,1/3,http://media.tagesschau.de/video/2017/1204/TV-20171204-2049-2301.h264.mp4
2017-12-04,hjo,0%,619FNANA,1/3,https://rodlzdf-a.akamaihd.net/none/zdf/17/12/171204_sendung_hjo/1/171204_sendung_hjo_2328k_p35v13.mp4
2017-12-05,h19,8.2%,1F3T,1/3,https://rodlzdf-a.akamaihd.net/none/zdf/17/12/171205_sendung_h19/1/171205_sendung_h19_2328k_p35v13.mp4
2017-12-05,t20,2.9%,16F2T,1/3,http://media.tagesschau.de/video/2017/1205/TV-20171205-2025-0801.h264.mp4
2017-12-05,hjo,0%,728FNANA,1/3,https://rodlzdf-a.akamaihd.net/none/zdf/17/12/171205_sendung_hjo/1/171205_sendung_hjo_2328k_p35v13.mp4
2017-12-06,h19,5.2%,8F3T,1/3,https://rodlzdf-a.akamaihd.net/none/zdf/17/12/171206_sendung_h19/1/171206_sendung_h19_2328k_p35v13.mp4
2017-12-06,t20,0%,311FNANA,1/3,http://media.tagesschau.de/video/2017/1206/TV-20171206-2022-2801.h264.mp4
2017-12-06,hjo,0%,198FNANA,1/3,https://rodlzdf-a.akamaihd.net/none/zdf/17/12/171206_sendung_hjo/1/171206_sendung_hjo_2328k_p35v13.mp4
2017-12-07,h19,7.4%,280F13T,1/3,https://rodlzdf-a.akamaihd.net/none/zdf/17/12/171207_sendung_h19/1/171207_sendung_h19_2328k_p35v13.mp4
2017-12-07,t20,0%,317FNANA,1/3,http://media.tagesschau.de/video/2017/1207/TV-20171207-2031-0101.h264.mp4
2017-12-07,hjo,0%,571FNANA,1/3,https://rodlzdf-a.akamaihd.net/none/zdf/17/12/171207_sendung_hjo/2/171207_sendung_hjo_2328k_p35v13.mp4
2017-12-08,h19,1.4%,365F6T,1/3,https://rodlzdf-a.akamaihd.net/none/zdf/17/12/171208_sendung_h19/1/171208_sendung_h19_2328k_p35v13.mp4
2017-12-08,t20,0%,330FNANA,1/3,http://media.tagesschau.de/video/2017/1208/TV-20171208-2023-3001.h264.mp4
2017-12-08,hjo,0%,595FNANA,1/3,https://rodlzdf-a.akamaihd.net/none/zdf/17/12/171208_sendung_hjo/1/171208_sendung_hjo_2328k_p35v13.mp4
2017-12-09,t20,9.6%,186F3T,1/3,http://media.tagesschau.de/video/2017/1209/TV-20171209-2022-2001.h264.mp4
2017-12-09,h19,0%,388FNANA,1/3,https://rodlzdf-a.akamaihd.net/none/zdf/17/12/171209_h19/2/171209_h19_2328k_p35v13.mp4
2017-12-09,hjo,0%,343FNANA,1/3,https://rodlzdf-a.akamaihd.net/none/zdf/17/12/171209_sendung_hjo/1/171209_sendung_hjo_2328k_p35v13.mp4
2017-12-10,h19,15.2%,7F2T,1/3,https://rodlzdf-a.akamaihd.net/none/zdf/17/12/171210_h19/2/171210_h19_2328k_p35v13.mp4
2017-12-10,t20,10.9%,185F16T,1/3,http://media.tagesschau.de/video/2017/1210/TV-20171210-2043-1801.h264.mp4
2017-12-10,hjo,0%,304FNANA,1/3,https://rodlzdf-a.akamaihd.net/none/zdf/17/12/171210_sendung_hjo/1/171210_sendung_hjo_2328k_p35v13.mp4
2017-12-11,h19,8.7%,10F2T,1/3,https://rodlzdf-a.akamaihd.net/none/zdf/17/12/171211_sendung_h19/1/171211_sendung_h19_2328k_p35v13.mp4
2017-12-11,t20,0%,308FNANA,1/3,http://media.tagesschau.de/video/2017/1211/TV-20171211-2024-2701.h264.mp4
2017-12-11,hjo,0%,566FNANA,1/3,https://rodlzdf-a.akamaihd.net/none/zdf/17/12/171211_sendung_hjo/1/171211_sendung_hjo_2328k_p35v13.mp4
2017-12-12,h19,11.1%,282F4T,1/3,https://rodlzdf-a.akamaihd.net/none/zdf/17/12/171212_sendung_h19/1/171212_sendung_h19_2328k_p35v13.mp4
2017-12-12,t20,0%,309FNANA,1/3,http://media.tagesschau.de/video/2017/1212/TV-20171212-2021-2001.h264.mp4
2017-12-12,hjo,9%,476F2T,1/3,https://rodlzdf-a.akamaihd.net/none/zdf/17/12/171212_sendung_hjo/1/171212_sendung_hjo_2328k_p35v13.mp4
2017-12-13,h19,0%,403FNANA,1/3,https://rodlzdf-a.akamaihd.net/none/zdf/17/12/171213_sendung_h19/1/171213_sendung_h19_2328k_p35v13.mp4
2017-12-13,t20,0%,310FNANA,1/3,http://media.tagesschau.de/video/2017/1213/TV-20171213-2021-4201.h264.mp4
2017-12-13,hjo,0%,585FNANA,1/3,https://rodlzdf-a.akamaihd.net/none/zdf/17/12/171213_sendung_hjo/1/171213_sendung_hjo_2328k_p35v13.mp4
2017-12-14,h19,0%,408FNANA,1/3,https://rodlzdf-a.akamaihd.net/none/zdf/17/12/171214_sendung_h19/1/171214_sendung_h19_2328k_p35v13.mp4
2017-12-14,t20,0%,344FNANA,1/3,http://media.tagesschau.de/video/2017/1214/TV-20171214-2024-5701.h264.mp4
2017-12-14,hjo,0%,588FNANA,1/3,https://rodlzdf-a.akamaihd.net/none/zdf/17/12/171214_sendung_hjo/1/171214_sendung_hjo_2328k_p35v13.mp4
2017-12-15,h19,0%,405FNANA,1/3,https://rodlzdf-a.akamaihd.net/none/zdf/17/12/171215_sendung_h19/1/171215_sendung_h19_2328k_p35v13.mp4
2017-12-15,t20,0%,311FNANA,1/3,http://media.tagesschau.de/video/2017/1215/TV-20171215-2024-2101.h264.mp4
2017-12-15,hjo,0%,208FNANA,1/3,https://rodlzdf-a.akamaihd.net/none/zdf/17/12/171215_sendung_hjo/1/171215_sendung_hjo_2328k_p35v13.mp4
2017-12-16,t20,11.1%,182F5T,1/3,http://media.tagesschau.de/video/2017/1216/TV-20171216-2028-5701.h264.mp4
2017-12-16,hjo,0%,317FNANA,1/3,https://rodlzdf-a.akamaihd.net/none/zdf/17/12/171216_sendung_hjo/1/171216_sendung_hjo_2328k_p35v13.mp4
2017-12-17,t20,5.3%,194F7T,1/3,http://media.tagesschau.de/video/2017/1217/TV-20171217-2033-1501.h264.mp4
2017-12-17,h19,0%,207FNANA,1/3,https://rodlzdf-a.akamaihd.net/none/zdf/17/12/171217_h19/2/171217_h19_2328k_p35v13.mp4
2017-12-17,hjo,0%,318FNANA,1/3,https://rodlzdf-a.akamaihd.net/none/zdf/17/12/171217_sendung_hjo/1/171217_sendung_hjo_2328k_p35v13.mp4
2017-12-18,h19,3.9%,353F2T,1/3,https://rodlzdf-a.akamaihd.net/none/zdf/17/12/171218_sendung_h19/1/171218_sendung_h19_2328k_p35v13.mp4
2017-12-18,t20,0%,309FNANA,1/3,http://media.tagesschau.de/video/2017/1218/TV-20171218-2021-1601.h264.mp4
2017-12-18,hjo,0%,570FNANA,1/3,https://rodlzdf-a.akamaihd.net/none/zdf/17/12/171218_sendung_hjo/1/171218_sendung_hjo_2328k_p35v13.mp4
2017-12-19,h19,4%,331F16T,1/3,https://rodlzdf-a.akamaihd.net/none/zdf/17/12/171219_sendung_h19/1/171219_sendung_h19_2328k_p35v13.mp4
2017-12-19,t20,0%,305FNANA,1/3,http://media.tagesschau.de/video/2017/1219/TV-20171219-2024-0001.h264.mp4
2017-12-19,hjo,0%,580FNANA,1/3,https://rodlzdf-a.akamaihd.net/none/zdf/17/12/171219_sendung_hjo/1/171219_sendung_hjo_2328k_p35v13.mp4
2017-12-20,t20,0%,315FNANA,1/3,http://media.tagesschau.de/video/2017/1220/TV-20171220-2022-1001.h264.mp4
2017-12-20,h19,0%,382FNANA,1/3,https://rodlzdf-a.akamaihd.net/none/zdf/17/12/171220_h19/2/171220_h19_2328k_p35v13.mp4
2017-12-20,hjo,0%,578FNANA,1/3,https://rodlzdf-a.akamaihd.net/none/zdf/17/12/171220_sendung_hjo/1/171220_sendung_hjo_2328k_p35v13.mp4
2017-12-21,t20,0%,321FNANA,1/3,http://media.tagesschau.de/video/2017/1221/TV-20171221-2022-2001.h264.mp4
2017-12-21,h19,3.6%,343F15T,1/3,https://rodlzdf-a.akamaihd.net/none/zdf/17/12/171221_h19/2/171221_h19_2328k_p35v13.mp4
2017-12-21,hjo,1.2%,457F7T,1/3,https://rodlzdf-a.akamaihd.net/none/zdf/17/12/171221_sendung_hjo/1/171221_sendung_hjo_2328k_p35v13.mp4
2017-12-22,h19,6%,317F24T,1/3,https://rodlzdf-a.akamaihd.net/none/zdf/17/12/171222_sendung_h19/1/171222_sendung_h19_2328k_p35v13.mp4
2017-12-22,t20,0%,314FNANA,1/3,http://media.tagesschau.de/video/2017/1222/TV-20171222-2021-3601.h264.mp4
2017-12-22,hjo,0%,559FNANA,1/3,https://rodlzdf-a.akamaihd.net/none/zdf/17/12/171222_sendung_hjo/1/171222_sendung_hjo_2328k_p35v13.mp4
2017-12-23,h19,8.8%,332F19T,1/3,https://rodlzdf-a.akamaihd.net/none/zdf/17/12/171223_sendung_h19/1/171223_sendung_h19_2328k_p35v13.mp4
2017-12-23,t20,0%,310FNANA,1/3,http://media.tagesschau.de/video/2017/1223/TV-20171223-2022-0401.h264.mp4
2017-12-23,hjo,0%,316FNANA,1/3,https://rodlzdf-a.akamaihd.net/none/zdf/17/12/171223_sendung_hjo/1/171223_sendung_hjo_2328k_p35v13.mp4
2017-12-24,h19,0%,293FNANA,1/3,https://rodlzdf-a.akamaihd.net/none/zdf/17/12/171224_sendung_h19/1/171224_sendung_h19_2328k_p35v13.mp4
2017-12-24,t20,0%,337FNANA,1/3,http://media.tagesschau.de/video/2017/1224/TV-20171224-2023-0801.h264.mp4
2017-12-25,h19,0%,161FNANA,1/3,https://rodlzdf-a.akamaihd.net/none/zdf/17/12/171225_sendung_h19/1/171225_sendung_h19_2328k_p35v13.mp4
2017-12-25,t20,0%,144FNANA,1/3,http://media.tagesschau.de/video/2017/1225/TV-20171225-2010-5601.h264.mp4
2017-12-26,h19,5.6%,221F17T,1/3,https://rodlzdf-a.akamaihd.net/none/zdf/17/12/171226_sendung_h19/1/171226_sendung_h19_2328k_p35v13.mp4
2017-12-26,t20,0%,321FNANA,1/3,http://media.tagesschau.de/video/2017/1226/TV-20171226-2025-2101.h264.mp4
2017-12-27,h19,5.4%,311F14T,1/3,https://rodlzdf-a.akamaihd.net/none/zdf/17/12/171227_sendung_h19/1/171227_sendung_h19_2328k_p35v13.mp4
2017-12-27,t20,0%,313FNANA,1/3,http://media.tagesschau.de/video/2017/1227/TV-20171227-2021-0001.h264.mp4
2017-12-27,hjo,0%,616FNANA,1/3,https://rodlzdf-a.akamaihd.net/none/zdf/17/12/171227_sendung_hjo/1/171227_sendung_hjo_2328k_p35v13.mp4
2017-12-28,h19,2.4%,369F10T,1/3,https://rodlzdf-a.akamaihd.net/none/zdf/17/12/171228_sendung_h19/1/171228_sendung_h19_2328k_p35v13.mp4
2017-12-28,t20,0%,306FNANA,1/3,http://media.tagesschau.de/video/2017/1228/TV-20171228-2020-2801.h264.mp4
2017-12-28,hjo,0%,595FNANA,1/3,https://rodlzdf-a.akamaihd.net/none/zdf/17/12/171228_sendung_hjo/1/171228_sendung_hjo_2328k_p35v13.mp4
2017-12-29,h19,3.3%,397F15T,1/3,https://rodlzdf-a.akamaihd.net/none/zdf/17/12/171229_sendung_h19/1/171229_sendung_h19_2328k_p35v13.mp4
2017-12-29,t20,0%,311FNANA,1/3,http://media.tagesschau.de/video/2017/1229/TV-20171229-2020-4201.h264.mp4
2017-12-29,hjo,0%,575FNANA,1/3,https://rodlzdf-a.akamaihd.net/none/zdf/17/12/171229_sendung_hjo/1/171229_sendung_hjo_2328k_p35v13.mp4
2017-12-30,h19,6.1%,391F15T,1/3,https://rodlzdf-a.akamaihd.net/none/zdf/17/12/171230_h19/2/171230_h19_2328k_p35v13.mp4
2017-12-30,t20,0%,311FNANA,1/3,http://media.tagesschau.de/video/2017/1230/TV-20171230-2025-2301.h264.mp4
2017-12-30,hjo,0%,327FNANA,1/3,https://rodlzdf-a.akamaihd.net/none/zdf/17/12/171230_sendung_hjo/1/171230_sendung_hjo_2328k_p35v13.mp4
2017-12-31,h19,4.3%,373F19T,1/3,https://rodlzdf-a.akamaihd.net/none/zdf/17/12/171231_h19/2/171231_h19_2328k_p35v13.mp4
2017-12-31,t20,0%,295FNANA,1/3,http://media.tagesschau.de/video/2017/1231/TV-20171231-2020-4001.h264.mp4
2018-01-01,h19,0%,303FNANA,1/3,https://rodlzdf-a.akamaihd.net/none/zdf/18/01/180101_sendung_h19/1/180101_sendung_h19_2328k_p35v13.mp4
2018-01-01,t20,0%,327FNANA,1/3,http://media.tagesschau.de/video/2018/0101/TV-20180101-2022-5001.h264.mp4
2018-01-01,tth,0%,413FNANA,1/3,http://media.tagesschau.de/video/2018/0101/TV-20180101-2343-3701.h264.mp4
2018-01-02,h19,3.9%,313F16T,1/3,https://rodlzdf-a.akamaihd.net/none/zdf/18/01/180102_sendung_h19/1/180102_sendung_h19_2328k_p35v13.mp4
2018-01-02,t20,0%,331FNANA,1/3,http://media.tagesschau.de/video/2018/0102/TV-20180102-2022-3701.h264.mp4
2018-01-02,tth,0%,646FNANA,1/3,http://media.tagesschau.de/video/2018/0102/TV-20180102-2311-0301.h264.mp4
2018-01-02,hjo,0%,607FNANA,1/3,https://rodlzdf-a.akamaihd.net/none/zdf/18/01/180102_sendung_hjo/1/180102_sendung_hjo_2328k_p35v13.mp4
2017-12-30,tth,0%,403FNANA,1/3,http://media.tagesschau.de/video/2017/1230/TV-20171230-2351-5401.h264.mp4
2017-12-29,tth,0%,316FNANA,1/3,http://media.tagesschau.de/video/2017/1229/TV-20171229-2334-1301.h264.mp4
2017-12-28,tth,0%,582FNANA,1/3,http://media.tagesschau.de/video/2017/1229/TV-20171229-0018-2601.h264.mp4
2017-12-27,tth,0%,595FNANA,1/3,http://media.tagesschau.de/video/2017/1227/TV-20171227-2356-5501.h264.mp4
2017-12-23,tth,0%,394FNANA,1/3,http://media.tagesschau.de/video/2017/1223/TV-20171223-2358-4701.h264.mp4
2018-01-03,h19,3.2%,345F13T,1/3,https://rodlzdf-a.akamaihd.net/none/zdf/18/01/180103_sendung_h19/1/180103_sendung_h19_2328k_p35v13.mp4
2017-12-22,tth,0%,308FNANA,1/3,http://media.tagesschau.de/video/2017/1222/TV-20171222-2215-4101.h264.mp4
2017-12-21,tth,0%,621FNANA,1/3,http://media.tagesschau.de/video/2017/1222/TV-20171222-0008-2401.h264.mp4
2017-12-20,tth,0%,167FNANA,1/3,http://media.tagesschau.de/video/2017/1220/TV-20171220-2145-5201.h264.mp4
2017-12-19,tth,0%,154FNANA,1/3,http://media.tagesschau.de/video/2017/1219/TV-20171219-2148-5701.h264.mp4
2017-12-18,tth,0%,603FNANA,1/3,http://media.tagesschau.de/video/2017/1218/TV-20171218-2254-4401.h264.mp4
2017-12-17,tth,25.2%,227F62T,1/3,http://media.tagesschau.de/video/2017/1217/TV-20171217-2355-2801.h264.mp4
2017-12-16,tth,0%,443FNANA,1/3,http://media.tagesschau.de/video/2017/1217/TV-20171217-0014-5101.h264.mp4
2017-12-15,tth,0%,305FNANA,1/3,http://media.tagesschau.de/video/2017/1215/TV-20171215-2208-0701.h264.mp4
2017-12-14,tth,0%,611FNANA,1/3,http://media.tagesschau.de/video/2017/1214/TV-20171214-2256-5001.h264.mp4
2017-12-13,tth,0%,613FNANA,1/3,http://media.tagesschau.de/video/2017/1213/TV-20171213-2255-2901.h264.mp4
2017-12-12,tth,0%,600FNANA,1/3,http://media.tagesschau.de/video/2017/1212/TV-20171212-2346-3401.h264.mp4
2017-12-11,tth,0%,609FNANA,1/3,http://media.tagesschau.de/video/2017/1211/TV-20171211-2255-5801.h264.mp4
2017-12-10,tth,28.6%,224F50T,1/3,http://media.tagesschau.de/video/2017/1210/TV-20171210-2326-2801.h264.mp4
2017-12-09,tth,13.9%,247F29T,1/3,http://media.tagesschau.de/video/2017/1210/TV-20171210-0000-3801.h264.mp4
2017-12-08,tth,0%,302FNANA,1/3,http://media.tagesschau.de/video/2017/1208/TV-20171208-2206-2901.h264.mp4
2017-12-07,tth,0%,634FNANA,1/3,http://media.tagesschau.de/video/2017/1207/TV-20171207-2256-2301.h264.mp4
2017-12-06,tth,2.9%,588F18T,1/3,http://media.tagesschau.de/video/2017/1206/TV-20171206-2256-4801.h264.mp4
2017-12-04,tth,0%,614FNANA,1/3,http://media.tagesschau.de/video/2017/1204/TV-20171204-2257-1301.h264.mp4
2017-12-03,tth,23.3%,226F50T,1/3,http://media.tagesschau.de/video/2017/1203/TV-20171203-2336-4101.h264.mp4
2018-01-03,t20,0%,305FNANA,1/3,http://media.tagesschau.de/video/2018/0103/TV-20180103-2042-0501.h264.mp4
2018-01-03,tth,0%,593FNANA,1/3,http://media.tagesschau.de/video/2018/0103/TV-20180103-2308-4601.h264.mp4
2018-01-03,hjo,0%,606FNANA,1/3,https://rodlzdf-a.akamaihd.net/none/zdf/18/01/180103_sendung_hjo/1/180103_sendung_hjo_2328k_p35v13.mp4
2018-01-04,h19,0%,408FNANA,1/3,https://rodlzdf-a.akamaihd.net/none/zdf/18/01/180104_sendung_h19/1/180104_sendung_h19_2328k_p35v13.mp4
2018-01-04,t20,0%,320FNANA,1/3,http://media.tagesschau.de/video/2018/0104/TV-20180104-2023-5101.h264.mp4
2018-01-04,tth,0%,593FNANA,1/3,http://media.tagesschau.de/video/2018/0104/TV-20180104-2309-2901.h264.mp4
2018-01-04,hjo,0%,592FNANA,1/3,https://rodlzdf-a.akamaihd.net/none/zdf/18/01/180104_sendung_hjo/1/180104_sendung_hjo_2328k_p35v13.mp4
2018-01-05,h19,2.8%,347F11T,1/3,https://rodlzdf-a.akamaihd.net/none/zdf/18/01/180105_sendung_h19/1/180105_sendung_h19_2328k_p35v13.mp4
2018-01-05,t20,2.5%,194F8T,1/3,http://media.tagesschau.de/video/2018/0105/TV-20180105-2028-2901.h264.mp4
2018-01-05,tth,0%,306FNANA,1/3,http://media.tagesschau.de/video/2018/0105/TV-20180105-2251-4101.h264.mp4
2018-01-05,hjo,1.2%,25F7T,1/3,https://rodlzdf-a.akamaihd.net/none/zdf/18/01/180105_sendung_hjo/1/180105_sendung_hjo_2328k_p35v13.mp4
2018-01-06,h19,2.5%,342F10T,1/3,https://rodlzdf-a.akamaihd.net/none/zdf/18/01/180106_sendung_h19/1/180106_sendung_h19_2328k_p35v13.mp4
2018-01-06,t20,0%,306FNANA,1/3,http://media.tagesschau.de/video/2018/0106/TV-20180106-2022-5901.h264.mp4
2018-01-06,hjo,0%,310FNANA,1/3,https://rodlzdf-a.akamaihd.net/none/zdf/18/01/180106_sendung_hjo/1/180106_sendung_hjo_2328k_p35v13.mp4
2018-01-06,tth,0%,406FNANA,1/3,http://media.tagesschau.de/video/2018/0106/TV-20180106-2351-5701.h264.mp4
2018-01-07,h19,0%,201FNANA,1/3,https://rodlzdf-a.akamaihd.net/none/zdf/18/01/180107_sendung_h19/1/180107_sendung_h19_2328k_p35v13.mp4
2018-01-07,t20,0%,321FNANA,1/3,http://media.tagesschau.de/video/2018/0107/TV-20180107-2021-4701.h264.mp4
2018-01-07,hjo,0%,331FNANA,1/3,https://rodlzdf-a.akamaihd.net/none/zdf/18/01/180107_sendung_hjo/1/180107_sendung_hjo_2328k_p35v13.mp4
2018-01-07,tth,0%,395FNANA,1/3,http://media.tagesschau.de/video/2018/0107/TV-20180107-2346-0001.h264.mp4
2018-01-08,h19,4.1%,344F17T,1/3,https://rodlzdf-a.akamaihd.net/none/zdf/18/01/180108_sendung_h19/1/180108_sendung_h19_2328k_p35v13.mp4
2018-01-08,t20,0%,308FNANA,1/3,http://media.tagesschau.de/video/2018/0108/TV-20180108-2033-0601.h264.mp4
2018-01-08,tth,0%,609FNANA,1/3,http://media.tagesschau.de/video/2018/0108/TV-20180108-2313-5001.h264.mp4
2018-01-08,hjo,2.8%,524F16T,1/3,https://rodlzdf-a.akamaihd.net/none/zdf/18/01/180108_sendung_hjo/1/180108_sendung_hjo_2328k_p35v13.mp4
2018-01-09,h19,4.9%,316F16T,1/3,https://rodlzdf-a.akamaihd.net/none/zdf/18/01/180109_sendung_h19/1/180109_sendung_h19_2328k_p35v13.mp4
2018-01-09,t20,0%,307FNANA,1/3,http://media.tagesschau.de/video/2018/0109/TV-20180109-2022-3401.h264.mp4
2018-01-09,hjo,0%,578FNANA,1/3,https://rodlzdf-a.akamaihd.net/none/zdf/18/01/180109_sendung_hjo/1/180109_sendung_hjo_2328k_p35v13.mp4
2018-01-09,tth,0%,604FNANA,1/3,http://media.tagesschau.de/video/2018/0109/TV-20180109-2340-5101.h264.mp4
2018-01-10,h19,1.5%,356F6T,1/3,https://rodlzdf-a.akamaihd.net/none/zdf/18/01/180110_sendung_h19/1/180110_sendung_h19_2328k_p35v13.mp4
2018-01-10,t20,0%,304FNANA,1/3,http://media.tagesschau.de/video/2018/0110/TV-20180110-2021-4401.h264.mp4
2018-01-10,tth,0%,601FNANA,1/3,http://media.tagesschau.de/video/2018/0110/TV-20180110-2257-5301.h264.mp4
2018-01-10,hjo,0%,591FNANA,1/3,https://rodlzdf-a.akamaihd.net/none/zdf/18/01/180110_sendung_hjo/1/180110_sendung_hjo_2328k_p35v13.mp4
2018-01-11,h19,5.2%,335F4T,1/3,https://rodlzdf-a.akamaihd.net/none/zdf/18/01/180111_sendung_h19/1/180111_sendung_h19_2328k_p35v13.mp4
2018-01-11,t20,0%,308FNANA,1/3,http://media.tagesschau.de/video/2018/0111/TV-20180111-2023-4001.h264.mp4
2018-01-11,hjo,0%,544FNANA,1/3,https://rodlzdf-a.akamaihd.net/none/zdf/18/01/180111_sendung_hjo/1/180111_sendung_hjo_2328k_p35v13.mp4
2018-01-12,h19,0%,409FNANA,1/3,https://rodlzdf-a.akamaihd.net/none/zdf/18/01/180112_sendung_h19/1/180112_sendung_h19_2328k_p35v13.mp4
2018-01-12,t20,0%,345FNANA,1/3,http://media.tagesschau.de/video/2018/0112/TV-20180112-2051-3701.h264.mp4
2018-01-12,tth,0%,415FNANA,1/3,http://media.tagesschau.de/video/2018/0112/TV-20180112-2213-3801.h264.mp4
2018-01-12,hjo,0%,197FNANA,1/3,https://rodlzdf-a.akamaihd.net/none/zdf/18/01/180112_sendung_hjo/1/180112_sendung_hjo_2328k_p35v13.mp4
2018-01-13,h19,2.2%,346F9T,1/3,https://rodlzdf-a.akamaihd.net/none/zdf/18/01/180113_sendung_h19/1/180113_sendung_h19_2328k_p35v13.mp4
2018-01-13,t20,18.2%,178F40T,1/3,http://media.tagesschau.de/video/2018/0113/TV-20180113-2034-0301.h264.mp4
2018-01-13,hjo,0%,310FNANA,1/3,https://rodlzdf-a.akamaihd.net/none/zdf/18/01/180113_sendung_hjo/1/180113_sendung_hjo_2328k_p35v13.mp4
2018-01-13,tth,16.4%,240F23T,1/3,http://media.tagesschau.de/video/2018/0114/TV-20180114-0002-0001.h264.mp4
2018-01-14,h19,0%,197FNANA,1/3,https://rodlzdf-a.akamaihd.net/none/zdf/18/01/180114_sendung_h19/1/180114_sendung_h19_2328k_p35v13.mp4
2018-01-14,t20,6%,254F20T,1/3,http://media.tagesschau.de/video/2018/0114/TV-20180114-2023-0301.h264.mp4
2018-01-14,hjo,0%,334FNANA,1/3,https://rodlzdf-a.akamaihd.net/none/zdf/18/01/180114_sendung_hjo/1/180114_sendung_hjo_2328k_p35v13.mp4
2018-01-14,tth,25.9%,230F62T,1/3,http://media.tagesschau.de/video/2018/0114/TV-20180114-2348-3301.h264.mp4
2018-01-15,h19,7.1%,316F13T,1/3,https://rodlzdf-a.akamaihd.net/none/zdf/18/01/180115_sendung_h19/1/180115_sendung_h19_2328k_p35v13.mp4
2018-01-15,t20,7%,249F21T,1/3,http://media.tagesschau.de/video/2018/0115/TV-20180115-2031-3701.h264.mp4
2018-01-15,hjo,0%,591FNANA,1/3,https://rodlzdf-a.akamaihd.net/none/zdf/18/01/180115_sendung_hjo/1/180115_sendung_hjo_2328k_p35v13.mp4
2018-01-16,h19,3.7%,357F15T,1/3,https://rodlzdf-a.akamaihd.net/none/zdf/18/01/180116_sendung_h19/1/180116_sendung_h19_2328k_p35v13.mp4
2018-01-16,t20,0%,307FNANA,1/3,http://media.tagesschau.de/video/2018/0116/TV-20180116-2021-0101.h264.mp4
2018-01-16,tth,0%,591FNANA,1/3,http://media.tagesschau.de/video/2018/0116/TV-20180116-2257-4301.h264.mp4
2018-01-16,hjo,0%,628FNANA,1/3,https://rodlzdf-a.akamaihd.net/none/zdf/18/01/180116_sendung_hjo/1/180116_sendung_hjo_2328k_p35v13.mp4
2018-01-17,h19,0%,389FNANA,1/3,https://rodlzdf-a.akamaihd.net/none/zdf/18/01/180117_sendung_h19/1/180117_sendung_h19_2328k_p35v13.mp4
2018-01-17,t20,7.1%,251F22T,1/3,http://media.tagesschau.de/video/2018/0117/TV-20180117-2031-1901.h264.mp4
2018-01-17,tth,3.5%,314F21T,1/3,http://media.tagesschau.de/video/2018/0117/TV-20180117-2315-4601.h264.mp4
2018-01-17,hjo,0%,576FNANA,1/3,https://rodlzdf-a.akamaihd.net/none/zdf/18/01/180117_sendung_hjo/1/180117_sendung_hjo_2328k_p35v13.mp4
2018-01-18,h19,1.2%,359F5T,1/3,https://rodlzdf-a.akamaihd.net/none/zdf/18/01/180118_sendung_h19/1/180118_sendung_h19_2328k_p35v13.mp4
2018-01-18,t20,0%,312FNANA,1/3,http://media.tagesschau.de/video/2018/0118/TV-20180118-2022-4101.h264.mp4
2018-01-18,hjo,0%,603FNANA,1/3,https://rodlzdf-a.akamaihd.net/none/zdf/18/01/180118_sendung_hjo/2/180118_sendung_hjo_2328k_p35v13.mp4
2018-01-18,tth,0%,611FNANA,1/3,http://media.tagesschau.de/video/2018/0118/TV-20180118-2329-5301.h264.mp4
2018-01-19,h19,0%,170FNANA,1/3,https://rodlzdf-a.akamaihd.net/none/zdf/18/01/180119_sendung_h19/1/180119_sendung_h19_2328k_p35v13.mp4
2018-01-19,t20,0%,319FNANA,1/3,http://media.tagesschau.de/video/2018/0119/TV-20180119-2021-4401.h264.mp4
2018-01-19,tth,0%,295FNANA,1/3,http://media.tagesschau.de/video/2018/0119/TV-20180119-2204-0001.h264.mp4
2018-01-19,hjo,0%,633FNANA,1/3,https://rodlzdf-a.akamaihd.net/none/zdf/18/01/180119_sendung_hjo/1/180119_sendung_hjo_2328k_p35v13.mp4
2018-01-20,h19,1.1%,330F4T,1/3,https://rodlzdf-a.akamaihd.net/none/zdf/18/01/180120_sendung_h19/1/180120_sendung_h19_2328k_p35v13.mp4
2018-01-20,t20,12.9%,202F40T,1/3,http://media.tagesschau.de/video/2018/0120/TV-20180120-2033-2801.h264.mp4
2018-01-20,hjo,0%,316FNANA,1/3,https://rodlzdf-a.akamaihd.net/none/zdf/18/01/180120_sendung_hjo/1/180120_sendung_hjo_2328k_p35v13.mp4
2018-01-20,tth,11.7%,286F24T,1/3,http://media.tagesschau.de/video/2018/0120/TV-20180120-2342-4801.h264.mp4
2018-01-21,h19,1%,9F2T,1/3,https://rodlzdf-a.akamaihd.net/none/zdf/18/01/180121_sendung_h19/1/180121_sendung_h19_2328k_p35v13.mp4
2018-01-21,t20,6.8%,256F21T,1/3,http://media.tagesschau.de/video/2018/0121/TV-20180121-2027-0001.h264.mp4
2018-01-21,tth,19.4%,285F53T,1/3,http://media.tagesschau.de/video/2018/0121/TV-20180121-2320-4901.h264.mp4
2018-01-21,hjo,0%,408FNANA,1/3,https://rodlzdf-a.akamaihd.net/none/zdf/18/01/180121_sendung_hjo/1/180121_sendung_hjo_2328k_p35v13.mp4
2018-01-22,h19,3.5%,340F15T,1/3,https://rodlzdf-a.akamaihd.net/none/zdf/18/01/180122_sendung_h19/1/180122_sendung_h19_2328k_p35v13.mp4
2018-01-22,t20,0%,311FNANA,1/3,http://media.tagesschau.de/video/2018/0122/TV-20180122-2023-0501.h264.mp4
2018-01-22,hjo,0%,581FNANA,1/3,https://rodlzdf-a.akamaihd.net/none/zdf/18/01/180122_sendung_hjo/1/180122_sendung_hjo_2328k_p35v13.mp4
2018-01-22,tth,0%,617FNANA,1/3,http://media.tagesschau.de/video/2018/0122/TV-20180122-2258-3401.h264.mp4
2018-01-23,h19,6.9%,340F28T,1/3,https://rodlzdf-a.akamaihd.net/none/zdf/18/01/180123_sendung_h19/1/180123_sendung_h19_2328k_p35v13.mp4
2018-01-23,t20,0%,306FNANA,1/3,http://media.tagesschau.de/video/2018/0123/TV-20180123-2024-0101.h264.mp4
2018-01-23,tth,0%,621FNANA,1/3,http://media.tagesschau.de/video/2018/0123/TV-20180123-2259-2701.h264.mp4
2018-01-23,hjo,0%,598FNANA,1/3,https://rodlzdf-a.akamaihd.net/none/zdf/18/01/180123_sendung_hjo/1/180123_sendung_hjo_2328k_p35v13.mp4
2018-01-24,h19,6.5%,9F4T,1/3,https://rodlzdf-a.akamaihd.net/none/zdf/18/01/180124_sendung_h19/1/180124_sendung_h19_2328k_p35v13.mp4
2018-01-24,t20,0%,321FNANA,1/3,http://media.tagesschau.de/video/2018/0124/TV-20180124-2022-3101.h264.mp4
2018-01-24,hjo,2.6%,142F3T,1/3,https://rodlzdf-a.akamaihd.net/none/zdf/18/01/180124_sendung_hjo/1/180124_sendung_hjo_2328k_p35v13.mp4
2018-01-24,tth,0%,600FNANA,1/3,http://media.tagesschau.de/video/2018/0124/TV-20180124-2255-3801.h264.mp4
2018-01-25,h19,0%,374FNANA,1/3,https://rodlzdf-a.akamaihd.net/none/zdf/18/01/180125_sendung_h19/1/180125_sendung_h19_2328k_p35v13.mp4
2018-01-25,t20,0%,314FNANA,1/3,http://media.tagesschau.de/video/2018/0125/TV-20180125-2020-4801.h264.mp4
2018-01-25,tth,1.2%,470F7T,1/3,http://media.tagesschau.de/video/2018/0125/TV-20180125-2304-2801.h264.mp4
2018-01-25,hjo,0%,602FNANA,1/3,https://rodlzdf-a.akamaihd.net/none/zdf/18/01/180125_sendung_hjo/1/180125_sendung_hjo_2328k_p35v13.mp4
2018-01-26,h19,5%,329F20T,1/3,https://rodlzdf-a.akamaihd.net/none/zdf/18/01/180126_sendung_h19/1/180126_sendung_h19_2328k_p35v13.mp4
2018-01-26,t20,0%,317FNANA,1/3,http://media.tagesschau.de/video/2018/0126/TV-20180126-2023-1901.h264.mp4
2018-01-26,tth,0%,307FNANA,1/3,http://media.tagesschau.de/video/2018/0126/TV-20180126-2206-4501.h264.mp4
2018-01-26,hjo,0%,594FNANA,1/3,https://rodlzdf-a.akamaihd.net/none/zdf/18/01/180126_sendung_hjo/1/180126_sendung_hjo_2328k_p35v13.mp4
2018-01-27,h19,3.9%,269F14T,1/3,https://rodlzdf-a.akamaihd.net/none/zdf/18/01/180127_sendung_h19/1/180127_sendung_h19_2328k_p35v13.mp4
2018-01-27,t20,12.4%,229F39T,1/3,http://media.tagesschau.de/video/2018/0127/TV-20180127-2022-0901.h264.mp4
2018-01-27,hjo,0%,313FNANA,1/3,https://rodlzdf-a.akamaihd.net/none/zdf/18/01/180127_sendung_hjo/1/180127_sendung_hjo_2328k_p35v13.mp4
2018-01-28,h19,10.9%,9F3T,1/3,https://rodlzdf-a.akamaihd.net/none/zdf/18/01/180128_sendung_h19/1/180128_sendung_h19_2328k_p35v13.mp4
2018-01-28,t20,6.1%,221F19T,1/3,http://media.tagesschau.de/video/2018/0128/TV-20180128-2022-2901.h264.mp4
2018-01-28,tth,22.2%,236F48T,1/3,http://media.tagesschau.de/video/2018/0128/TV-20180128-2316-4201.h264.mp4
2018-01-28,hjo,0%,299FNANA,1/3,https://rodlzdf-a.akamaihd.net/none/zdf/18/01/180128_sendung_hjo/1/180128_sendung_hjo_2328k_p35v13.mp4
2018-01-29,h19,7.5%,274F30T,1/3,https://rodlzdf-a.akamaihd.net/none/zdf/18/01/180129_sendung_h19/1/180129_sendung_h19_2328k_p35v13.mp4
2018-01-29,t20,1.6%,233F3T,1/3,http://media.tagesschau.de/video/2018/0129/TV-20180129-2023-0901.h264.mp4
2018-01-29,tth,0%,613FNANA,1/3,http://media.tagesschau.de/video/2018/0129/TV-20180129-2300-2101.h264.mp4
2018-01-29,hjo,2.2%,440F3T,1/3,https://rodlzdf-a.akamaihd.net/none/zdf/18/01/180129_sendung_hjo/2/180129_sendung_hjo_2328k_p35v13.mp4
2018-01-30,h19,0.5%,345F2T,1/3,https://rodlzdf-a.akamaihd.net/none/zdf/18/01/180130_sendung_h19/1/180130_sendung_h19_2328k_p35v13.mp4
2018-01-30,t20,0%,309FNANA,1/3,http://media.tagesschau.de/video/2018/0130/TV-20180130-2020-5501.h264.mp4
2018-01-30,tth,0%,607FNANA,1/3,http://media.tagesschau.de/video/2018/0130/TV-20180130-2255-2101.h264.mp4
2018-01-30,hjo,0%,578FNANA,1/3,https://rodlzdf-a.akamaihd.net/none/zdf/18/01/180130_sendung_hjo/1/180130_sendung_hjo_2328k_p35v13.mp4
2018-01-31,h19,5.5%,7F4T,1/3,https://rodlzdf-a.akamaihd.net/none/zdf/18/01/180131_sendung_h19/1/180131_sendung_h19_2328k_p35v13.mp4
2018-01-31,t20,0%,317FNANA,1/3,http://media.tagesschau.de/video/2018/0131/TV-20180131-2050-4401.h264.mp4
2018-01-31,tth,20.4%,237F50T,1/3,http://media.tagesschau.de/video/2018/0131/TV-20180131-2302-5201.h264.mp4
2018-01-31,hjo,0%,610FNANA,1/3,https://rodlzdf-a.akamaihd.net/none/zdf/18/01/180131_sendung_hjo/1/180131_sendung_hjo_2328k_p35v13.mp4
2018-02-01,h19,8.6%,8F3T,1/3,https://rodlzdf-a.akamaihd.net/none/zdf/18/02/180201_sendung_h19/1/180201_sendung_h19_2328k_p35v13.mp4
2018-02-01,t20,3%,227F6T,1/3,http://media.tagesschau.de/video/2018/0201/TV-20180201-2021-2901.h264.mp4
2018-02-01,tth,20.4%,237F50T,1/3,http://media.tagesschau.de/video/2018/0131/TV-20180131-2302-5201.h264.mp4
2018-02-01,hjo,0%,601FNANA,1/3,https://rodlzdf-a.akamaihd.net/none/zdf/18/02/180201_sendung_hjo/1/180201_sendung_hjo_2328k_p35v13.mp4
2018-02-02,h19,6.8%,329F13T,1/3,https://rodlzdf-a.akamaihd.net/none/zdf/18/02/180202_sendung_h19/1/180202_sendung_h19_2328k_p35v13.mp4
2018-02-02,t20,0%,301FNANA,1/3,http://media.tagesschau.de/video/2018/0202/TV-20180202-2021-0001.h264.mp4
2018-02-02,tth,12.9%,157F39T,1/3,http://media.tagesschau.de/video/2018/0202/TV-20180202-2206-4101.h264.mp4
2018-02-02,hjo,0%,664FNANA,1/3,https://rodlzdf-a.akamaihd.net/none/zdf/18/02/180202_sendung_hjo/1/180202_sendung_hjo_2328k_p35v13.mp4
2018-02-03,h19,2.6%,384F11T,1/3,https://rodlzdf-a.akamaihd.net/none/zdf/18/02/180203_sendung_h19/1/180203_sendung_h19_2328k_p35v13.mp4
2018-02-03,t20,13.1%,217F40T,1/3,http://media.tagesschau.de/video/2018/0203/TV-20180203-2022-2801.h264.mp4
2018-02-03,hjo,0%,297FNANA,1/3,https://rodlzdf-a.akamaihd.net/none/zdf/18/02/180203_sendung_hjo/1/180203_sendung_hjo_2328k_p35v13.mp4
2018-02-03,tth,13%,259F27T,1/3,http://media.tagesschau.de/video/2018/0203/TV-20180203-2346-2501.h264.mp4
2018-02-04,h19,9.2%,10F3T,1/3,https://rodlzdf-a.akamaihd.net/none/zdf/18/02/180204_sendung_h19/1/180204_sendung_h19_2328k_p35v13.mp4
2018-02-04,t20,11.7%,170F5T,1/3,http://media.tagesschau.de/video/2018/0204/TV-20180204-2023-2001.h264.mp4
2018-02-04,tth,22.5%,218F41T,1/3,http://media.tagesschau.de/video/2018/0204/TV-20180204-2321-3601.h264.mp4
2018-02-04,hjo,0%,329FNANA,1/3,https://rodlzdf-a.akamaihd.net/none/zdf/18/02/180204_sendung_hjo/1/180204_sendung_hjo_2328k_p35v13.mp4
2018-02-05,h19,9.2%,9F4T,1/3,https://rodlzdf-a.akamaihd.net/none/zdf/18/02/180205_sendung_h19/1/180205_sendung_h19_2328k_p35v13.mp4
2018-02-05,t20,9.2%,259F29T,1/3,http://media.tagesschau.de/video/2018/0205/TV-20180205-2027-5301.h264.mp4
2018-02-05,tth,1.5%,458F9T,1/3,http://media.tagesschau.de/video/2018/0205/TV-20180205-2256-4701.h264.mp4
2018-02-05,hjo,3.8%,458F22T,1/3,https://rodlzdf-a.akamaihd.net/none/zdf/18/02/180205_sendung_hjo/1/180205_sendung_hjo_2328k_p35v13.mp4
2018-02-06,h19,4.2%,312F16T,1/3,https://rodlzdf-a.akamaihd.net/none/zdf/18/02/180206_sendung_h19/1/180206_sendung_h19_2328k_p35v13.mp4
2018-02-06,t20,0%,311FNANA,1/3,http://media.tagesschau.de/video/2018/0206/TV-20180206-2021-5701.h264.mp4
2018-02-06,tth,0%,156FNANA,1/3,http://media.tagesschau.de/video/2018/0206/TV-20180206-2155-2201.h264.mp4
2018-02-06,hjo,0%,575FNANA,1/3,https://rodlzdf-a.akamaihd.net/none/zdf/18/02/180206_sendung_hjo/1/180206_sendung_hjo_2328k_p35v13.mp4
2018-02-07,t20,0%,309FNANA,1/3,http://media.tagesschau.de/video/2018/0207/TV-20180207-2020-5601.h264.mp4
2018-02-07,h19,6.8%,312F11T,1/3,https://rodlzdf-a.akamaihd.net/none/zdf/18/02/180207_h19/2/180207_h19_2328k_p35v13.mp4
2018-02-07,tth,0%,63FNANA,1/3,http://media.tagesschau.de/video/2018/0207/TV-20180207-2205-4301.h264.mp4
2018-02-07,hjo,0%,642FNANA,1/3,https://rodlzdf-a.akamaihd.net/none/zdf/18/02/180207_sendung_hjo/1/180207_sendung_hjo_2328k_p35v13.mp4
2018-02-08,t20,10.5%,221F33T,1/3,http://media.tagesschau.de/video/2018/0208/TV-20180208-2021-5101.h264.mp4
2018-02-08,h19,3%,330F12T,1/3,https://rodlzdf-a.akamaihd.net/none/zdf/18/02/180208_h19/2/180208_h19_2328k_p35v13.mp4
2018-02-08,tth,8.7%,495F52T,1/3,http://media.tagesschau.de/video/2018/0208/TV-20180208-2255-3201.h264.mp4
2018-02-09,t20,10.6%,168F36T,1/3,http://media.tagesschau.de/video/2018/0209/TV-20180209-2023-5201.h264.mp4
2018-02-09,tth,10.1%,305F41T,1/3,http://media.tagesschau.de/video/2018/0209/TV-20180209-2215-5701.h264.mp4
2018-02-09,h19,8.3%,3F7T,1/3,https://rodlzdf-a.akamaihd.net/none/zdf/18/02/180209_sendung_h19/2/180209_sendung_h19_2328k_p35v13.mp4
2018-02-10,h19,12.9%,9F3T,1/3,https://rodlzdf-a.akamaihd.net/none/zdf/18/02/180210_sendung_h19/1/180210_sendung_h19_2328k_p35v13.mp4
2018-02-10,t20,24.8%,16F29T,1/3,http://media.tagesschau.de/video/2018/0210/TV-20180210-2029-0001.h264.mp4
2018-02-10,hjo,0%,398FNANA,1/3,https://rodlzdf-a.akamaihd.net/none/zdf/18/02/180210_sendung_hjo/1/180210_sendung_hjo_2328k_p35v13.mp4
2018-02-10,tth,30.7%,4F7T,1/3,http://media.tagesschau.de/video/2018/0211/TV-20180211-0011-2701.h264.mp4
2018-02-11,h19,5%,158F10T,1/3,https://rodlzdf-a.akamaihd.net/none/zdf/18/02/180211_sendung_h19/1/180211_sendung_h19_2328k_p35v13.mp4
2018-02-11,t20,15%,235F32T,1/3,http://media.tagesschau.de/video/2018/0211/TV-20180211-2028-2901.h264.mp4
2018-02-11,tth,29.4%,356F32T,1/3,http://media.tagesschau.de/video/2018/0211/TV-20180211-2357-2101.h264.mp4
2018-02-11,hjo,0%,845FNANA,1/3,https://rodlzdf-a.akamaihd.net/none/zdf/18/02/180211_sendung_hjo/1/180211_sendung_hjo_2328k_p35v13.mp4
2018-02-11,hjo,0%,845FNANA,1/3,https://rodlzdf-a.akamaihd.net/none/zdf/18/02/180211_sendung_hjo/1/180211_sendung_hjo_2328k_p35v13.mp4
2018-02-12,h19,11%,18F5T,1/3,https://rodlzdf-a.akamaihd.net/none/zdf/18/02/180212_sendung_h19/1/180212_sendung_h19_2328k_p35v13.mp4
2018-02-12,t20,11.9%,16F36T,1/3,http://media.tagesschau.de/video/2018/0212/TV-20180212-2020-4601.h264.mp4
2018-02-12,tth,17.8%,537F48T,1/3,http://media.tagesschau.de/video/2018/0213/TV-20180213-0020-2801.h264.mp4
2018-02-12,hjo,0%,908FNANA,1/3,https://rodlzdf-a.akamaihd.net/none/zdf/18/02/180212_sendung_hjo/1/180212_sendung_hjo_2328k_p35v13.mp4
2018-02-12,hjo,0%,908FNANA,1/3,https://rodlzdf-a.akamaihd.net/none/zdf/18/02/180212_sendung_hjo/1/180212_sendung_hjo_2328k_p35v13.mp4
2018-02-13,h19,14.5%,6F4T,1/3,https://rodlzdf-a.akamaihd.net/none/zdf/18/02/180213_sendung_h19/1/180213_sendung_h19_2328k_p35v13.mp4
2018-02-13,t20,8.9%,257F28T,1/3,http://media.tagesschau.de/video/2018/0213/TV-20180213-2025-2401.h264.mp4
2018-02-13,hjo,0%,895FNANA,1/3,https://rodlzdf-a.akamaihd.net/none/zdf/18/02/180213_sendung_hjo/1/180213_sendung_hjo_2328k_p35v13.mp4
2018-02-13,tth,12.3%,601F20T,1/3,http://media.tagesschau.de/video/2018/0213/TV-20180213-2320-3801.h264.mp4
2018-02-13,hjo,0%,895FNANA,1/3,https://rodlzdf-a.akamaihd.net/none/zdf/18/02/180213_sendung_hjo/1/180213_sendung_hjo_2328k_p35v13.mp4
2018-02-14,h19,11.9%,8F4T,1/3,https://rodlzdf-a.akamaihd.net/none/zdf/18/02/180214_sendung_h19/1/180214_sendung_h19_2328k_p35v13.mp4
2018-02-14,t20,8.6%,265F28T,1/3,http://media.tagesschau.de/video/2018/0214/TV-20180214-2027-1001.h264.mp4
2018-02-14,hjo,0%,195FNANA,1/3,https://rodlzdf-a.akamaihd.net/none/zdf/18/02/180214_sendung_hjo/1/180214_sendung_hjo_2328k_p35v13.mp4
2018-02-14,tth,16.2%,659F48T,1/3,http://media.tagesschau.de/video/2018/0214/TV-20180214-2253-2101.h264.mp4
2018-02-15,h19,12.4%,8F3T,1/3,https://rodlzdf-a.akamaihd.net/none/zdf/18/02/180215_sendung_h19/1/180215_sendung_h19_2328k_p35v13.mp4
2018-02-15,t20,9%,15F28T,1/3,http://media.tagesschau.de/video/2018/0215/TV-20180215-2023-4101.h264.mp4
2018-02-15,hjo,24.5%,8F7T,1/3,https://rodlzdf-a.akamaihd.net/none/zdf/18/02/180215_sendung_hjo/1/180215_sendung_hjo_2328k_p35v13.mp4
2018-02-15,tth,17%,4F9T,1/3,http://media.tagesschau.de/video/2018/0215/TV-20180215-2316-0201.h264.mp4
2018-02-16,h19,0%,404FNANA,1/3,https://rodlzdf-a.akamaihd.net/none/zdf/18/02/180216_sendung_h19/1/180216_sendung_h19_2328k_p35v13.mp4
2018-02-16,t20,5%,288F17T,1/3,http://media.tagesschau.de/video/2018/0216/TV-20180216-2049-4301.h264.mp4
2018-02-16,tth,19.7%,456F48T,1/3,http://media.tagesschau.de/video/2018/0216/TV-20180216-2232-5301.h264.mp4
2018-02-16,hjo,0%,101FNANA,1/3,https://rodlzdf-a.akamaihd.net/none/zdf/18/02/180216_sendung_hjo/1/180216_sendung_hjo_2328k_p35v13.mp4
2018-02-16,hjo,0%,955FNANA,1/3,https://rodlzdf-a.akamaihd.net/none/zdf/18/02/180216_sendung_hjo/1/180216_sendung_hjo_2328k_p35v13.mp4
2018-02-17,t20,19.4%,205F20T,1/3,http://media.tagesschau.de/video/2018/0217/TV-20180217-2022-4501.h264.mp4
2018-02-17,hjo,0%,390FNANA,1/3,https://rodlzdf-a.akamaihd.net/none/zdf/18/02/180217_sendung_hjo/1/180217_sendung_hjo_2328k_p35v13.mp4
2018-02-17,tth,29%,306F45T,1/3,http://media.tagesschau.de/video/2018/0218/TV-20180218-0010-4301.h264.mp4
2018-02-17,h19,12%,9F4T,1/3,https://rodlzdf-a.akamaihd.net/none/zdf/18/02/180217_sendung_h19/1/180217_sendung_h19_2328k_p35v13.mp4
2018-02-18,t20,13.2%,218F20T,1/3,http://media.tagesschau.de/video/2018/0218/TV-20180218-2023-2101.h264.mp4
2018-02-18,h19,15.2%,11F3T,1/3,https://rodlzdf-a.akamaihd.net/none/zdf/18/02/180218_h19/2/180218_h19_2328k_p35v13.mp4
2018-02-18,tth,33.3%,300F46T,1/3,http://media.tagesschau.de/video/2018/0218/TV-20180218-2338-3601.h264.mp4
2018-02-19,h19,11.8%,10F5T,1/3,https://rodlzdf-a.akamaihd.net/none/zdf/18/02/180219_sendung_h19/1/180219_sendung_h19_2328k_p35v13.mp4
2018-02-19,t20,7.3%,227F2T,1/3,http://media.tagesschau.de/video/2018/0219/TV-20180219-2025-1301.h264.mp4
2018-02-19,tth,16.4%,600F46T,1/3,http://media.tagesschau.de/video/2018/0219/TV-20180219-2315-4801.h264.mp4
2018-02-19,hjo,33.6%,535F291T,1/3,https://rodlzdf-a.akamaihd.net/none/zdf/18/02/180219_sendung_hjo/1/180219_sendung_hjo_2328k_p35v13.mp4
2018-02-20,t20,6.2%,241F19T,1/3,http://media.tagesschau.de/video/2018/0220/TV-20180220-2022-2701.h264.mp4
2018-02-20,h19,10.8%,11F4T,1/3,https://rodlzdf-a.akamaihd.net/none/zdf/18/02/180220_h19/2/180220_h19_2328k_p35v13.mp4
2018-02-20,hjo,2.4%,3F5T,1/3,https://rodlzdf-a.akamaihd.net/none/zdf/18/02/180220_sendung_hjo/1/180220_sendung_hjo_2328k_p35v13.mp4
2018-02-20,tth,19%,5F6T,1/3,http://media.tagesschau.de/video/2018/0220/TV-20180220-2335-0901.h264.mp4
2018-02-21,h19,13.2%,7F4T,1/3,https://rodlzdf-a.akamaihd.net/none/zdf/18/02/180221_sendung_h19/1/180221_sendung_h19_2328k_p35v13.mp4
2018-02-21,t20,8.6%,236F27T,1/3,http://media.tagesschau.de/video/2018/0221/TV-20180221-2022-2001.h264.mp4
2018-02-21,tth,17.5%,598F45T,1/3,http://media.tagesschau.de/video/2018/0221/TV-20180221-2312-2701.h264.mp4
2018-02-21,tth,17.5%,598F45T,1/3,http://media.tagesschau.de/video/2018/0221/TV-20180221-2312-2701.h264.mp4
2018-02-22,h19,11.7%,7F2T,1/3,https://rodlzdf-a.akamaihd.net/none/zdf/18/02/180222_sendung_h19/1/180222_sendung_h19_2328k_p35v13.mp4
2018-02-22,t20,6.5%,259F20T,1/3,http://media.tagesschau.de/video/2018/0222/TV-20180222-2022-1701.h264.mp4
2018-02-21,hjo,0%,878FNANA,1/3,https://rodlzdf-a.akamaihd.net/none/zdf/18/02/180221_sendung_hjo/1/180221_sendung_hjo_2328k_p35v13.mp4
2018-02-22,tth,21.5%,599F176T,1/3,http://media.tagesschau.de/video/2018/0222/TV-20180222-2327-5801.h264.mp4
2018-02-22,hjo,0%,901FNANA,1/3,https://rodlzdf-a.akamaihd.net/none/zdf/18/02/180222_sendung_hjo/1/180222_sendung_hjo_2328k_p35v13.mp4
2018-02-22,hjo,0%,901FNANA,1/3,https://rodlzdf-a.akamaihd.net/none/zdf/18/02/180222_sendung_hjo/1/180222_sendung_hjo_2328k_p35v13.mp4
2018-02-23,t20,9.4%,240F25T,1/3,http://media.tagesschau.de/video/2018/0223/TV-20180223-2025-4901.h264.mp4
2018-02-23,h19,12.8%,7F3T,1/3,https://rodlzdf-a.akamaihd.net/none/zdf/18/02/180223_sendung_h19/1/180223_sendung_h19_2328k_p35v13.mp4
2018-02-23,hjo,0%,947FNANA,1/3,https://rodlzdf-a.akamaihd.net/none/zdf/18/02/180223_sendung_hjo/1/180223_sendung_hjo_2328k_p35v13.mp4
2018-02-23,tth,22.4%,5F5T,1/3,http://media.tagesschau.de/video/2018/0223/TV-20180223-2354-1101.h264.mp4
2018-02-24,h19,12.2%,276F20T,1/3,https://rodlzdf-a.akamaihd.net/none/zdf/18/02/180224_sendung_h19/1/180224_sendung_h19_2328k_p35v13.mp4
2018-02-24,t20,22.2%,141F27T,1/3,http://media.tagesschau.de/video/2018/0224/TV-20180224-2049-2901.h264.mp4
2018-02-24,hjo,0%,436FNANA,1/3,https://rodlzdf-a.akamaihd.net/none/zdf/18/02/180224_sendung_hjo/2/180224_sendung_hjo_2328k_p35v13.mp4
2018-02-24,tth,25.5%,348F89T,1/3,http://media.tagesschau.de/video/2018/0225/TV-20180225-0015-2501.h264.mp4
2018-02-25,h19,10.6%,163F11T,1/3,https://rodlzdf-a.akamaihd.net/none/zdf/18/02/180225_sendung_h19/1/180225_sendung_h19_2328k_p35v13.mp4
2018-02-25,t20,25.6%,182F30T,1/3,http://media.tagesschau.de/video/2018/0225/TV-20180225-2025-2401.h264.mp4
2018-02-25,hjo,0%,583FNANA,1/3,https://rodlzdf-a.akamaihd.net/none/zdf/18/02/180225_sendung_hjo/1/180225_sendung_hjo_2328k_p35v13.mp4
2018-02-25,tth,35.9%,4F5T,1/3,http://media.tagesschau.de/video/2018/0225/TV-20180225-2335-3201.h264.mp4
2018-02-26,h19,0%,414FNANA,1/3,https://rodlzdf-a.akamaihd.net/none/zdf/18/02/180226_sendung_h19/1/180226_sendung_h19_2328k_p35v13.mp4
2018-02-26,t20,1.6%,252F5T,1/3,http://media.tagesschau.de/video/2018/0226/TV-20180226-2022-2701.h264.mp4
2018-02-26,hjo,0%,592FNANA,1/3,https://rodlzdf-a.akamaihd.net/none/zdf/18/02/180226_sendung_hjo/1/180226_sendung_hjo_2328k_p35v13.mp4
2018-02-26,tth,0%,606FNANA,1/3,http://media.tagesschau.de/video/2018/0226/TV-20180226-2336-4801.h264.mp4
2018-02-27,h19,7.3%,324F19T,1/3,https://rodlzdf-a.akamaihd.net/none/zdf/18/02/180227_sendung_h19/1/180227_sendung_h19_2328k_p35v13.mp4
2018-02-27,t20,0%,306FNANA,1/3,http://media.tagesschau.de/video/2018/0227/TV-20180227-2022-5401.h264.mp4
2018-02-27,tth,0%,611FNANA,1/3,http://media.tagesschau.de/video/2018/0227/TV-20180227-2313-3501.h264.mp4
2018-02-27,hjo,0%,590FNANA,1/3,https://rodlzdf-a.akamaihd.net/none/zdf/18/02/180227_sendung_hjo/1/180227_sendung_hjo_2328k_p35v13.mp4
2018-02-28,h19,7.2%,325F20T,1/3,https://rodlzdf-a.akamaihd.net/none/zdf/18/02/180228_sendung_h19/1/180228_sendung_h19_2328k_p35v13.mp4
2018-02-28,t20,3.8%,254F8T,1/3,http://media.tagesschau.de/video/2018/0228/TV-20180228-2029-1501.h264.mp4
2018-02-28,tth,0%,620FNANA,1/3,http://media.tagesschau.de/video/2018/0228/TV-20180228-2303-0001.h264.mp4
2018-02-28,hjo,0%,599FNANA,1/3,https://rodlzdf-a.akamaihd.net/none/zdf/18/02/180228_sendung_hjo/1/180228_sendung_hjo_2328k_p35v13.mp4
2018-03-01,t20,0%,314FNANA,1/3,http://media.tagesschau.de/video/2018/0301/TV-20180301-2028-5201.h264.mp4
2018-03-01,h19,4.6%,327F18T,1/3,https://rodlzdf-a.akamaihd.net/none/zdf/18/03/180301_h19/2/180301_h19_2328k_p35v13.mp4
2018-03-01,tth,0%,627FNANA,1/3,http://media.tagesschau.de/video/2018/0301/TV-20180301-2255-2901.h264.mp4
2018-03-01,hjo,0%,600FNANA,1/3,https://rodlzdf-a.akamaihd.net/none/zdf/18/03/180301_sendung_hjo/1/180301_sendung_hjo_2328k_p35v13.mp4
2018-03-02,h19,2.7%,309F11T,1/3,https://rodlzdf-a.akamaihd.net/none/zdf/18/03/180302_sendung_h19/1/180302_sendung_h19_2328k_p35v13.mp4
2018-03-02,t20,0%,311FNANA,1/3,http://media.tagesschau.de/video/2018/0302/TV-20180302-2134-1801.h264.mp4
2018-03-02,hjo,0%,594FNANA,1/3,https://rodlzdf-a.akamaihd.net/none/zdf/18/03/180302_sendung_hjo/1/180302_sendung_hjo_2328k_p35v13.mp4
2018-03-02,tth,0%,312FNANA,1/3,http://media.tagesschau.de/video/2018/0303/TV-20180303-0854-1901.h264.mp4
2018-03-03,h19,0%,380FNANA,1/3,https://rodlzdf-a.akamaihd.net/none/zdf/18/03/180303_sendung_h19/1/180303_sendung_h19_2328k_p35v13.mp4
2018-03-03,t20,0%,340FNANA,1/3,http://media.tagesschau.de/video/2018/0303/TV-20180303-2021-5701.h264.mp4
2018-03-03,tth,11.6%,236F27T,1/3,http://media.tagesschau.de/video/2018/0303/TV-20180303-2342-5701.h264.mp4
2018-03-03,hjo,0%,323FNANA,1/3,https://rodlzdf-a.akamaihd.net/none/zdf/18/03/180303_sendung_hjo/1/180303_sendung_hjo_2328k_p35v13.mp4
2018-03-04,h19,5%,160F10T,1/3,https://rodlzdf-a.akamaihd.net/none/zdf/18/03/180304_sendung_h19/1/180304_sendung_h19_2328k_p35v13.mp4
2018-03-04,t20,6.3%,245F20T,1/3,http://media.tagesschau.de/video/2018/0304/TV-20180304-2020-5601.h264.mp4
2018-03-04,tth,15%,363F41T,1/3,http://media.tagesschau.de/video/2018/0304/TV-20180304-2321-3301.h264.mp4
2018-03-04,hjo,0%,500FNANA,1/3,https://rodlzdf-a.akamaihd.net/none/zdf/18/03/180304_sendung_hjo/1/180304_sendung_hjo_2328k_p35v13.mp4
2018-03-05,t20,0%,308FNANA,1/3,http://media.tagesschau.de/video/2018/0305/TV-20180305-2022-1201.h264.mp4
2018-03-05,h19,0.7%,348F3T,1/3,https://rodlzdf-a.akamaihd.net/none/zdf/18/03/180305_h19/2/180305_h19_2328k_p35v13.mp4
2018-03-05,tth,0%,600FNANA,1/3,http://media.tagesschau.de/video/2018/0305/TV-20180305-2325-0001.h264.mp4
2018-03-06,h19,3.7%,320F15T,1/3,https://rodlzdf-a.akamaihd.net/none/zdf/18/03/180306_sendung_h19/1/180306_sendung_h19_2328k_p35v13.mp4
2018-03-06,t20,0%,310FNANA,1/3,http://media.tagesschau.de/video/2018/0306/TV-20180306-2020-5401.h264.mp4
2018-03-06,tth,0%,605FNANA,1/3,http://media.tagesschau.de/video/2018/0306/TV-20180306-2258-1701.h264.mp4
2018-03-06,hjo,0%,196FNANA,1/3,https://rodlzdf-a.akamaihd.net/none/zdf/18/03/180306_sendung_hjo/1/180306_sendung_hjo_2328k_p35v13.mp4
2018-03-07,h19,5.1%,333F21T,1/3,https://rodlzdf-a.akamaihd.net/none/zdf/18/03/180307_sendung_h19/1/180307_sendung_h19_2328k_p35v13.mp4
2018-03-07,t20,0%,342FNANA,1/3,http://media.tagesschau.de/video/2018/0307/TV-20180307-2024-0301.h264.mp4
2018-03-07,tth,0%,608FNANA,1/3,http://media.tagesschau.de/video/2018/0307/TV-20180307-2303-0401.h264.mp4
2018-03-07,hjo,0%,581FNANA,1/3,https://rodlzdf-a.akamaihd.net/none/zdf/18/03/180307_sendung_hjo/1/180307_sendung_hjo_2328k_p35v13.mp4
2018-03-08,h19,9.6%,9F3T,1/3,https://rodlzdf-a.akamaihd.net/none/zdf/18/03/180308_sendung_h19/1/180308_sendung_h19_2328k_p35v13.mp4
2018-03-08,t20,0%,310FNANA,1/3,http://media.tagesschau.de/video/2018/0308/TV-20180308-2022-3101.h264.mp4
2018-03-08,hjo,0.9%,443F5T,1/3,https://rodlzdf-a.akamaihd.net/none/zdf/18/03/180308_sendung_hjo/1/180308_sendung_hjo_2328k_p35v13.mp4
2018-03-08,tth,0%,609FNANA,1/3,http://media.tagesschau.de/video/2018/0308/TV-20180308-2319-4601.h264.mp4
2018-03-09,h19,4.2%,342F17T,1/3,https://rodlzdf-a.akamaihd.net/none/zdf/18/03/180309_sendung_h19/1/180309_sendung_h19_2328k_p35v13.mp4
2018-03-09,t20,6.3%,271F20T,1/3,http://media.tagesschau.de/video/2018/0309/TV-20180309-2022-4301.h264.mp4
2018-03-09,tth,7.8%,320F31T,1/3,http://media.tagesschau.de/video/2018/0309/TV-20180309-2213-1601.h264.mp4
2018-03-09,hjo,0%,510FNANA,1/3,https://rodlzdf-a.akamaihd.net/none/zdf/18/03/180309_sendung_hjo/1/180309_sendung_hjo_2328k_p35v13.mp4
2018-03-10,h19,2.8%,362F12T,1/3,https://rodlzdf-a.akamaihd.net/none/zdf/18/03/180310_sendung_h19/1/180310_sendung_h19_2328k_p35v13.mp4
2018-03-10,t20,24.2%,189F26T,1/3,http://media.tagesschau.de/video/2018/0310/TV-20180310-2024-2401.h264.mp4
2018-03-10,hjo,0%,306FNANA,1/3,https://rodlzdf-a.akamaihd.net/none/zdf/18/03/180310_sendung_hjo/1/180310_sendung_hjo_2328k_p35v13.mp4
2018-03-10,tth,20.1%,244F6T,1/3,http://media.tagesschau.de/video/2018/0310/TV-20180310-2350-0701.h264.mp4
2018-03-11,h19,7%,7F3T,1/3,https://rodlzdf-a.akamaihd.net/none/zdf/18/03/180311_sendung_h19/1/180311_sendung_h19_2328k_p35v13.mp4
2018-03-11,t20,12.4%,232F19T,1/3,http://media.tagesschau.de/video/2018/0311/TV-20180311-2021-4101.h264.mp4
2018-03-11,tth,31.9%,242F98T,1/3,http://media.tagesschau.de/video/2018/0311/TV-20180311-2315-1301.h264.mp4
2018-03-11,hjo,0%,437FNANA,1/3,https://rodlzdf-a.akamaihd.net/none/zdf/18/03/180311_sendung_hjo/1/180311_sendung_hjo_2328k_p35v13.mp4
2018-03-12,h19,8.6%,332F26T,1/3,https://rodlzdf-a.akamaihd.net/none/zdf/18/03/180312_sendung_h19/1/180312_sendung_h19_2328k_p35v13.mp4
2018-03-12,t20,0%,324FNANA,1/3,http://media.tagesschau.de/video/2018/0312/TV-20180312-2028-0401.h264.mp4
2018-03-12,tth,2.1%,511F6T,1/3,http://media.tagesschau.de/video/2018/0312/TV-20180312-2308-4501.h264.mp4
2018-03-12,hjo,0%,593FNANA,1/3,https://rodlzdf-a.akamaihd.net/none/zdf/18/03/180312_sendung_hjo/1/180312_sendung_hjo_2328k_p35v13.mp4
2018-03-13,h19,2.7%,359F11T,1/3,https://rodlzdf-a.akamaihd.net/none/zdf/18/03/180313_sendung_h19/1/180313_sendung_h19_2328k_p35v13.mp4
2018-03-13,t20,5.3%,248F17T,1/3,http://media.tagesschau.de/video/2018/0313/TV-20180313-2024-4601.h264.mp4
2018-03-13,tth,1.5%,549F9T,1/3,http://media.tagesschau.de/video/2018/0313/TV-20180313-2301-3801.h264.mp4
2018-03-13,hjo,0%,687FNANA,1/3,https://rodlzdf-a.akamaihd.net/none/zdf/18/03/180313_sendung_hjo/1/180313_sendung_hjo_2328k_p35v13.mp4
2018-03-13,hjo,0%,687FNANA,1/3,https://rodlzdf-a.akamaihd.net/none/zdf/18/03/180313_sendung_hjo/1/180313_sendung_hjo_2328k_p35v13.mp4
2018-03-14,h19,0%,103FNANA,1/3,https://rodlzdf-a.akamaihd.net/none/zdf/18/03/180314_sendung_h19/1/180314_sendung_h19_2328k_p35v13.mp4
2018-03-14,t20,5.4%,266F17T,1/3,http://media.tagesschau.de/video/2018/0314/TV-20180314-2022-4001.h264.mp4
2018-03-14,tth,0%,609FNANA,1/3,http://media.tagesschau.de/video/2018/0314/TV-20180314-2310-0401.h264.mp4
2018-03-14,hjo,5.5%,653F20T,1/3,https://rodlzdf-a.akamaihd.net/none/zdf/18/03/180314_sendung_hjo/1/180314_sendung_hjo_2328k_p35v13.mp4
2018-03-15,h19,2.7%,327F11T,1/3,https://rodlzdf-a.akamaihd.net/none/zdf/18/03/180315_sendung_h19/1/180315_sendung_h19_2328k_p35v13.mp4
2018-03-15,t20,0%,310FNANA,1/3,http://media.tagesschau.de/video/2018/0315/TV-20180315-2021-5001.h264.mp4
2018-03-15,tth,0%,601FNANA,1/3,http://media.tagesschau.de/video/2018/0315/TV-20180315-2255-2401.h264.mp4
2018-03-15,hjo,0%,623FNANA,1/3,https://rodlzdf-a.akamaihd.net/none/zdf/18/03/180315_sendung_hjo/1/180315_sendung_hjo_2328k_p35v13.mp4
2018-03-16,h19,8.4%,9F3T,1/3,https://rodlzdf-a.akamaihd.net/none/zdf/18/03/180316_sendung_h19/1/180316_sendung_h19_2328k_p35v13.mp4
2018-03-16,t20,3.3%,265F10T,1/3,http://media.tagesschau.de/video/2018/0316/TV-20180316-2024-0301.h264.mp4
2018-03-16,tth,2.7%,268F9T,1/3,http://media.tagesschau.de/video/2018/0316/TV-20180316-2304-0501.h264.mp4
2018-03-16,hjo,0.7%,375F5T,1/3,https://rodlzdf-a.akamaihd.net/none/zdf/18/03/180316_sendung_hjo/1/180316_sendung_hjo_2328k_p35v13.mp4
2018-03-17,t20,19.2%,186F16T,1/3,http://media.tagesschau.de/video/2018/0317/TV-20180317-2023-2301.h264.mp4
2018-03-17,h19,6%,298F12T,1/3,https://rodlzdf-a.akamaihd.net/none/zdf/18/03/180317_h19/2/180317_h19_2328k_p35v13.mp4
2018-03-17,hjo,0%,309FNANA,1/3,https://rodlzdf-a.akamaihd.net/none/zdf/18/03/180317_sendung_hjo/1/180317_sendung_hjo_2328k_p35v13.mp4
2018-03-17,tth,17.5%,223F30T,1/3,http://media.tagesschau.de/video/2018/0318/TV-20180318-0009-2301.h264.mp4
2018-03-18,t20,19.6%,204F24T,1/3,http://media.tagesschau.de/video/2018/0318/TV-20180318-2022-1501.h264.mp4
2018-03-18,h19,5.8%,11F2T,1/3,https://rodlzdf-a.akamaihd.net/none/zdf/18/03/180318_h19/2/180318_h19_2328k_p35v13.mp4
2018-03-18,hjo,15.8%,539F101T,1/3,https://rodlzdf-a.akamaihd.net/none/zdf/18/03/180318_sendung_hjo/1/180318_sendung_hjo_2328k_p35v13.mp4
2018-03-18,tth,27.4%,279F40T,1/3,http://media.tagesschau.de/video/2018/0318/TV-20180318-2346-4801.h264.mp4
2018-03-19,h19,8.4%,319F16T,1/3,https://rodlzdf-a.akamaihd.net/none/zdf/18/03/180319_sendung_h19/1/180319_sendung_h19_2328k_p35v13.mp4
2018-03-19,t20,0%,308FNANA,1/3,http://media.tagesschau.de/video/2018/0319/TV-20180319-2021-0101.h264.mp4
2018-03-19,tth,0%,594FNANA,1/3,http://media.tagesschau.de/video/2018/0319/TV-20180319-2253-2801.h264.mp4
2018-03-19,hjo,9.6%,482F55T,1/3,https://rodlzdf-a.akamaihd.net/none/zdf/18/03/180319_sendung_hjo/1/180319_sendung_hjo_2328k_p35v13.mp4
2018-03-20,h19,8.3%,302F15T,1/3,https://rodlzdf-a.akamaihd.net/none/zdf/18/03/180320_sendung_h19/1/180320_sendung_h19_2328k_p35v13.mp4
2018-03-20,t20,0%,307FNANA,1/3,http://media.tagesschau.de/video/2018/0320/TV-20180320-2020-4501.h264.mp4
2018-03-20,tth,0%,624FNANA,1/3,http://media.tagesschau.de/video/2018/0320/TV-20180320-2256-4301.h264.mp4
2018-03-21,h19,0%,406FNANA,1/3,https://rodlzdf-a.akamaihd.net/none/zdf/18/03/180321_sendung_h19/1/180321_sendung_h19_2328k_p35v13.mp4
2018-03-21,t20,10.6%,130F35T,1/3,http://media.tagesschau.de/video/2018/0321/TV-20180321-2024-1401.h264.mp4
2018-03-21,tth,0%,602FNANA,1/3,http://media.tagesschau.de/video/2018/0321/TV-20180321-2308-4501.h264.mp4
2018-03-21,hjo,0%,565FNANA,1/3,https://rodlzdf-a.akamaihd.net/none/zdf/18/03/180321_sendung_hjo/1/180321_sendung_hjo_2328k_p35v13.mp4
2018-03-22,h19,0%,363FNANA,1/3,https://rodlzdf-a.akamaihd.net/none/zdf/18/03/180322_sendung_h19/1/180322_sendung_h19_2328k_p35v13.mp4
2018-03-22,t20,0%,319FNANA,1/3,http://media.tagesschau.de/video/2018/0322/TV-20180322-2022-2301.h264.mp4
2018-03-22,tth,0%,616FNANA,1/3,http://media.tagesschau.de/video/2018/0322/TV-20180322-2254-3501.h264.mp4
2018-03-22,hjo,0%,620FNANA,1/3,https://rodlzdf-a.akamaihd.net/none/zdf/18/03/180322_sendung_hjo/1/180322_sendung_hjo_2328k_p35v13.mp4
2018-03-23,h19,3.2%,351F13T,1/3,https://rodlzdf-a.akamaihd.net/none/zdf/18/03/180323_sendung_h19/1/180323_sendung_h19_2328k_p35v13.mp4
2018-03-23,t20,0%,332FNANA,1/3,http://media.tagesschau.de/video/2018/0323/TV-20180323-2031-4301.h264.mp4
2018-03-23,tth,0%,176FNANA,1/3,http://media.tagesschau.de/video/2018/0323/TV-20180323-2153-2801.h264.mp4
2018-03-23,hjo,0%,562FNANA,1/3,https://rodlzdf-a.akamaihd.net/none/zdf/18/03/180323_sendung_hjo/1/180323_sendung_hjo_2328k_p35v13.mp4
2018-03-24,h19,3.4%,341F14T,1/3,https://rodlzdf-a.akamaihd.net/none/zdf/18/03/180324_sendung_h19/1/180324_sendung_h19_2328k_p35v13.mp4
2018-03-24,t20,0%,344FNANA,1/3,http://media.tagesschau.de/video/2018/0324/TV-20180324-2023-1101.h264.mp4
2018-03-24,hjo,0%,283FNANA,1/3,https://rodlzdf-a.akamaihd.net/none/zdf/18/03/180324_sendung_hjo/1/180324_sendung_hjo_2328k_p35v13.mp4
2018-03-24,tth,10.9%,294F44T,1/3,http://media.tagesschau.de/video/2018/0324/TV-20180324-2345-3401.h264.mp4
2018-03-25,h19,9.9%,8F3T,1/3,https://rodlzdf-a.akamaihd.net/none/zdf/18/03/180325_sendung_h19/1/180325_sendung_h19_2328k_p35v13.mp4
2018-03-25,t20,6.8%,263F21T,1/3,http://media.tagesschau.de/video/2018/0325/TV-20180325-2022-0001.h264.mp4
2018-03-25,hjo,0.9%,235F3T,1/3,https://rodlzdf-a.akamaihd.net/none/zdf/18/03/180325_sendung_hjo/1/180325_sendung_hjo_2328k_p35v13.mp4
2018-03-25,tth,2.6%,320F11T,1/3,http://media.tagesschau.de/video/2018/0325/TV-20180325-2349-4501.h264.mp4
2018-03-26,h19,7.6%,334F17T,1/3,https://rodlzdf-a.akamaihd.net/none/zdf/18/03/180326_sendung_h19/1/180326_sendung_h19_2328k_p35v13.mp4
2018-03-26,t20,0%,320FNANA,1/3,http://media.tagesschau.de/video/2018/0326/TV-20180326-2029-2001.h264.mp4
2018-03-26,tth,0%,602FNANA,1/3,http://media.tagesschau.de/video/2018/0326/TV-20180326-2255-0601.h264.mp4
2018-03-26,hjo,0%,574FNANA,1/3,https://rodlzdf-a.akamaihd.net/none/zdf/18/03/180326_sendung_hjo/1/180326_sendung_hjo_2328k_p35v13.mp4
2018-03-27,t20,0%,299FNANA,1/3,http://media.tagesschau.de/video/2018/0327/TV-20180327-2021-5801.h264.mp4
2018-03-27,h19,1.6%,8F4T,1/3,https://rodlzdf-a.akamaihd.net/none/zdf/18/03/180327_sendung_h19/2/180327_sendung_h19_2328k_p35v13.mp4
2018-03-27,hjo,0%,174FNANA,1/3,https://rodlzdf-a.akamaihd.net/none/zdf/18/03/180327_sendung_hjo/1/180327_sendung_hjo_2328k_p35v13.mp4
2018-03-27,tth,0%,597FNANA,1/3,http://media.tagesschau.de/video/2018/0327/TV-20180327-2256-4101.h264.mp4
2018-03-28,h19,0%,396FNANA,1/3,https://rodlzdf-a.akamaihd.net/none/zdf/18/03/180328_sendung_h19/1/180328_sendung_h19_2328k_p35v13.mp4
2018-03-28,t20,0%,301FNANA,1/3,http://media.tagesschau.de/video/2018/0328/TV-20180328-2020-2001.h264.mp4
2018-03-28,hjo,0%,564FNANA,1/3,https://rodlzdf-a.akamaihd.net/none/zdf/18/03/180328_sendung_hjo/1/180328_sendung_hjo_2328k_p35v13.mp4
2018-03-28,tth,0%,606FNANA,1/3,http://media.tagesschau.de/video/2018/0328/TV-20180328-2336-0901.h264.mp4
2018-03-29,t20,0%,324FNANA,1/3,http://media.tagesschau.de/video/2018/0329/TV-20180329-2024-4901.h264.mp4
2018-03-29,h19,8.2%,327F14T,1/3,https://rodlzdf-a.akamaihd.net/none/zdf/18/03/180329_h19/2/180329_h19_2328k_p35v13.mp4
2018-03-29,hjo,0%,595FNANA,1/3,https://rodlzdf-a.akamaihd.net/none/zdf/18/03/180329_sendung_hjo/1/180329_sendung_hjo_2328k_p35v13.mp4
2018-03-29,tth,0%,300FNANA,1/3,http://media.tagesschau.de/video/2018/0329/TV-20180329-2340-2801.h264.mp4
2018-03-30,h19,11.1%,6F3T,1/3,https://rodlzdf-a.akamaihd.net/none/zdf/18/03/180330_sendung_h19/1/180330_sendung_h19_2328k_p35v13.mp4
2018-03-30,t20,0%,309FNANA,1/3,http://media.tagesschau.de/video/2018/0330/TV-20180330-2020-5801.h264.mp4
2018-03-30,tth,0%,302FNANA,1/3,http://media.tagesschau.de/video/2018/0330/TV-20180330-2218-5901.h264.mp4
2018-03-31,h19,8.1%,307F20T,1/3,https://rodlzdf-a.akamaihd.net/none/zdf/18/03/180331_sendung_h19/1/180331_sendung_h19_2328k_p35v13.mp4
2018-03-31,t20,17.3%,165F13T,1/3,http://media.tagesschau.de/video/2018/0331/TV-20180331-2022-2701.h264.mp4
2018-03-31,hjo,0%,294FNANA,1/3,https://rodlzdf-a.akamaihd.net/none/zdf/18/03/180331_sendung_hjo/1/180331_sendung_hjo_2328k_p35v13.mp4
2018-03-31,tth,17.3%,245F25T,1/3,http://media.tagesschau.de/video/2018/0331/TV-20180331-2348-2301.h264.mp4
2018-04-01,h19,0%,74FNANA,1/3,https://rodlzdf-a.akamaihd.net/none/zdf/18/04/180401_sendung_h19/1/180401_sendung_h19_2328k_p35v13.mp4
2018-04-01,t20,6.3%,256F20T,1/3,http://media.tagesschau.de/video/2018/0401/TV-20180401-2024-0301.h264.mp4
2018-04-01,hjo,2%,262F6T,1/3,https://rodlzdf-a.akamaihd.net/none/zdf/18/04/180401_sendung_hjo/2/180401_sendung_hjo_2328k_p35v13.mp4
2018-04-01,tth,24.1%,243F50T,1/3,http://media.tagesschau.de/video/2018/0401/TV-20180401-2338-1901.h264.mp4
2018-04-02,h19,9.3%,245F17T,1/3,https://rodlzdf-a.akamaihd.net/none/zdf/18/04/180402_sendung_h19/1/180402_sendung_h19_2328k_p35v13.mp4
2018-04-02,t20,0%,298FNANA,1/3,http://media.tagesschau.de/video/2018/0402/TV-20180402-2021-4501.h264.mp4
2018-04-02,tth,0%,301FNANA,1/3,http://media.tagesschau.de/video/2018/0402/TV-20180402-2332-2301.h264.mp4
2018-04-03,h19,3.8%,10F4T,1/3,https://rodlzdf-a.akamaihd.net/none/zdf/18/04/180403_sendung_h19/1/180403_sendung_h19_2328k_p35v13.mp4
2018-04-03,t20,0%,314FNANA,1/3,http://media.tagesschau.de/video/2018/0403/TV-20180403-2020-2601.h264.mp4
2018-04-03,hjo,0%,195FNANA,1/3,https://rodlzdf-a.akamaihd.net/none/zdf/18/04/180403_sendung_hjo/1/180403_sendung_hjo_2328k_p35v13.mp4
2018-04-03,tth,3.4%,514F20T,1/3,http://media.tagesschau.de/video/2018/0403/TV-20180403-2258-2301.h264.mp4
2018-04-04,h19,10%,8F4T,1/3,https://rodlzdf-a.akamaihd.net/none/zdf/18/04/180404_sendung_h19/1/180404_sendung_h19_2328k_p35v13.mp4
2018-04-04,t20,0%,302FNANA,1/3,http://media.tagesschau.de/video/2018/0404/TV-20180404-2020-5701.h264.mp4
2018-04-04,hjo,0%,586FNANA,1/3,https://rodlzdf-a.akamaihd.net/none/zdf/18/04/180404_sendung_hjo/1/180404_sendung_hjo_2328k_p35v13.mp4
2018-04-04,tth,0%,630FNANA,1/3,http://media.tagesschau.de/video/2018/0404/TV-20180404-2302-2301.h264.mp4
2018-04-05,h19,0%,50FNANA,1/3,https://rodlzdf-a.akamaihd.net/none/zdf/18/04/180405_h19/2/180405_h19_2328k_p35v13.mp4
2018-04-05,t20,0%,316FNANA,1/3,http://media.tagesschau.de/video/2018/0405/TV-20180405-2022-1201.h264.mp4
2018-04-05,tth,8.4%,457F53T,1/3,http://media.tagesschau.de/video/2018/0405/TV-20180405-2325-1601.h264.mp4
2018-04-05,hjo,0%,603FNANA,1/3,https://rodlzdf-a.akamaihd.net/none/zdf/18/04/180405_sendung_hjo/1/180405_sendung_hjo_2328k_p35v13.mp4
2018-04-06,t20,0%,308FNANA,1/3,http://media.tagesschau.de/video/2018/0406/TV-20180406-2021-2301.h264.mp4
2018-04-06,tth,0%,309FNANA,1/3,http://media.tagesschau.de/video/2018/0406/TV-20180406-2204-5701.h264.mp4
2018-04-06,hjo,0.5%,461F3T,1/3,https://rodlzdf-a.akamaihd.net/none/zdf/18/04/180406_sendung_hjo/2/180406_sendung_hjo_2328k_p35v13.mp4
2018-04-07,h19,8.5%,355F4T,1/3,https://rodlzdf-a.akamaihd.net/none/zdf/18/04/180407_sendung_h19/1/180407_sendung_h19_2328k_p35v13.mp4
2018-04-07,t20,11.8%,229F40T,1/3,http://media.tagesschau.de/video/2018/0407/TV-20180407-2040-1501.h264.mp4
2018-04-07,hjo,0%,319FNANA,1/3,https://rodlzdf-a.akamaihd.net/none/zdf/18/04/180407_sendung_hjo/1/180407_sendung_hjo_2328k_p35v13.mp4
2018-04-07,tth,12.3%,261F26T,1/3,http://media.tagesschau.de/video/2018/0407/TV-20180407-2342-5201.h264.mp4
2018-04-08,h19,14.1%,8F3T,1/3,https://rodlzdf-a.akamaihd.net/none/zdf/18/04/180408_sendung_h19/1/180408_sendung_h19_2328k_p35v13.mp4
2018-04-08,t20,6.5%,249F20T,1/3,http://media.tagesschau.de/video/2018/0408/TV-20180408-2023-5401.h264.mp4
2018-04-08,tth,28.6%,234F47T,1/3,http://media.tagesschau.de/video/2018/0408/TV-20180408-2317-2701.h264.mp4
2018-04-08,hjo,0%,278FNANA,1/3,https://rodlzdf-a.akamaihd.net/none/zdf/18/04/180408_sendung_hjo/1/180408_sendung_hjo_2328k_p35v13.mp4
2018-04-09,h19,5%,8F3T,1/3,https://rodlzdf-a.akamaihd.net/none/zdf/18/04/180409_sendung_h19/1/180409_sendung_h19_2328k_p35v13.mp4
2018-04-09,t20,0%,306FNANA,1/3,http://media.tagesschau.de/video/2018/0409/TV-20180409-2025-1201.h264.mp4
2018-04-09,tth,0%,168FNANA,1/3,http://media.tagesschau.de/video/2018/0409/TV-20180409-2315-4301.h264.mp4
2018-04-09,hjo,0%,608FNANA,1/3,https://rodlzdf-a.akamaihd.net/none/zdf/18/04/180409_sendung_hjo/1/180409_sendung_hjo_2328k_p35v13.mp4
2018-04-10,h19,0.5%,350F2T,1/3,https://rodlzdf-a.akamaihd.net/none/zdf/18/04/180410_sendung_h19/1/180410_sendung_h19_2328k_p35v13.mp4
2018-04-10,t20,0%,309FNANA,1/3,http://media.tagesschau.de/video/2018/0410/TV-20180410-2034-0801.h264.mp4
2018-04-10,tth,0%,591FNANA,1/3,http://media.tagesschau.de/video/2018/0410/TV-20180410-2257-5601.h264.mp4
2018-04-10,hjo,0%,552FNANA,1/3,https://rodlzdf-a.akamaihd.net/none/zdf/18/04/180410_sendung_hjo/1/180410_sendung_hjo_2328k_p35v13.mp4
2018-04-11,h19,7.8%,8F5T,1/3,https://rodlzdf-a.akamaihd.net/none/zdf/18/04/180411_sendung_h19/1/180411_sendung_h19_2328k_p35v13.mp4
2018-04-11,t20,0%,316FNANA,1/3,http://media.tagesschau.de/video/2018/0411/TV-20180411-2021-0501.h264.mp4
2018-04-11,tth,3.2%,565F20T,1/3,http://media.tagesschau.de/video/2018/0411/TV-20180411-2259-4301.h264.mp4
2018-04-11,hjo,0%,199FNANA,1/3,https://rodlzdf-a.akamaihd.net/none/zdf/18/04/180411_sendung_hjo/1/180411_sendung_hjo_2328k_p35v13.mp4
2018-04-12,h19,6.3%,11F5T,1/3,https://rodlzdf-a.akamaihd.net/none/zdf/18/04/180412_sendung_h19/1/180412_sendung_h19_2328k_p35v13.mp4
2018-04-12,t20,0%,314FNANA,1/3,http://media.tagesschau.de/video/2018/0412/TV-20180412-2022-3501.h264.mp4
2018-04-12,hjo,0%,581FNANA,1/3,https://rodlzdf-a.akamaihd.net/none/zdf/18/04/180412_sendung_hjo/1/180412_sendung_hjo_2328k_p35v13.mp4
2018-04-12,tth,0%,622FNANA,1/3,http://media.tagesschau.de/video/2018/0412/TV-20180412-2344-0201.h264.mp4
2018-04-13,h19,10%,9F3T,1/3,https://rodlzdf-a.akamaihd.net/none/zdf/18/04/180413_sendung_h19/1/180413_sendung_h19_2328k_p35v13.mp4
2018-04-13,t20,6.4%,264F20T,1/3,http://media.tagesschau.de/video/2018/0413/TV-20180413-2022-3201.h264.mp4
2018-04-13,tth,13.8%,194F41T,1/3,http://media.tagesschau.de/video/2018/0413/TV-20180413-2208-3701.h264.mp4
2018-04-13,hjo,0.3%,365F2T,1/3,https://rodlzdf-a.akamaihd.net/none/zdf/18/04/180413_sendung_hjo/1/180413_sendung_hjo_2328k_p35v13.mp4
2018-04-14,h19,3.7%,324F15T,1/3,https://rodlzdf-a.akamaihd.net/none/zdf/18/04/180414_sendung_h19/1/180414_sendung_h19_2328k_p35v13.mp4
2018-04-14,t20,13.3%,210F40T,1/3,http://media.tagesschau.de/video/2018/0414/TV-20180414-2037-2101.h264.mp4
2018-04-14,hjo,0%,429FNANA,1/3,https://rodlzdf-a.akamaihd.net/none/zdf/18/04/180414_sendung_hjo/1/180414_sendung_hjo_2328k_p35v13.mp4
2018-04-14,tth,24.1%,262F101T,1/3,http://media.tagesschau.de/video/2018/0415/TV-20180415-0013-3401.h264.mp4
2018-04-15,h19,12.6%,5F3T,1/3,https://rodlzdf-a.akamaihd.net/none/zdf/18/04/180415_sendung_h19/1/180415_sendung_h19_2328k_p35v13.mp4
2018-04-15,t20,10.2%,237F20T,1/3,http://media.tagesschau.de/video/2018/0415/TV-20180415-2021-2701.h264.mp4
2018-04-15,tth,30.4%,221F54T,1/3,http://media.tagesschau.de/video/2018/0415/TV-20180415-2314-4101.h264.mp4
2018-04-15,hjo,1.8%,298F6T,1/3,https://rodlzdf-a.akamaihd.net/none/zdf/18/04/180415_sendung_hjo/1/180415_sendung_hjo_2328k_p35v13.mp4
2018-04-16,t20,0%,309FNANA,1/3,http://media.tagesschau.de/video/2018/0416/TV-20180416-2020-4301.h264.mp4
2018-04-16,h19,7.1%,322F15T,1/3,https://rodlzdf-a.akamaihd.net/none/zdf/18/04/180416_h19/2/180416_h19_2328k_p35v13.mp4
2018-04-16,tth,0%,609FNANA,1/3,http://media.tagesschau.de/video/2018/0416/TV-20180416-2255-3601.h264.mp4
2018-04-17,h19,11.2%,7F3T,1/3,https://rodlzdf-a.akamaihd.net/none/zdf/18/04/180417_sendung_h19/1/180417_sendung_h19_2328k_p35v13.mp4
2018-04-17,t20,0%,311FNANA,1/3,http://media.tagesschau.de/video/2018/0417/TV-20180417-2023-4301.h264.mp4
2018-04-17,tth,0%,146FNANA,1/3,http://media.tagesschau.de/video/2018/0417/TV-20180417-2148-2501.h264.mp4
2018-04-17,hjo,0%,620FNANA,1/3,https://rodlzdf-a.akamaihd.net/none/zdf/18/04/180417_sendung_hjo/1/180417_sendung_hjo_2328k_p35v13.mp4
2018-04-18,h19,8.1%,8F3T,1/3,https://rodlzdf-a.akamaihd.net/none/zdf/18/04/180418_sendung_h19/1/180418_sendung_h19_2328k_p35v13.mp4
2018-04-18,t20,0%,303FNANA,1/3,http://media.tagesschau.de/video/2018/0418/TV-20180418-2023-1301.h264.mp4
2018-04-18,tth,0%,144FNANA,1/3,http://media.tagesschau.de/video/2018/0418/TV-20180418-2147-5901.h264.mp4
2018-04-18,hjo,1.2%,456F7T,1/3,https://rodlzdf-a.akamaihd.net/none/zdf/18/04/180418_sendung_hjo/1/180418_sendung_hjo_2328k_p35v13.mp4
2018-04-19,h19,7.4%,10F3T,1/3,https://rodlzdf-a.akamaihd.net/none/zdf/18/04/180419_sendung_h19/1/180419_sendung_h19_2328k_p35v13.mp4
2018-04-19,t20,0%,299FNANA,1/3,http://media.tagesschau.de/video/2018/0419/TV-20180419-2019-4501.h264.mp4
2018-04-19,tth,0%,605FNANA,1/3,http://media.tagesschau.de/video/2018/0419/TV-20180419-2311-2101.h264.mp4
2018-04-19,hjo,0%,603FNANA,1/3,https://rodlzdf-a.akamaihd.net/none/zdf/18/04/180419_sendung_hjo/1/180419_sendung_hjo_2328k_p35v13.mp4
2018-04-20,h19,9.2%,10F3T,1/3,https://rodlzdf-a.akamaihd.net/none/zdf/18/04/180420_sendung_h19/1/180420_sendung_h19_2328k_p35v13.mp4
2018-04-20,t20,0%,315FNANA,1/3,http://media.tagesschau.de/video/2018/0420/TV-20180420-2023-3301.h264.mp4
2018-04-20,tth,0%,310FNANA,1/3,http://media.tagesschau.de/video/2018/0420/TV-20180420-2206-1101.h264.mp4
2018-04-20,hjo,0%,600FNANA,1/3,https://rodlzdf-a.akamaihd.net/none/zdf/18/04/180420_sendung_hjo/1/180420_sendung_hjo_2328k_p35v13.mp4
2018-04-21,h19,9.5%,8F3T,1/3,https://rodlzdf-a.akamaihd.net/none/zdf/18/04/180421_sendung_h19/1/180421_sendung_h19_2328k_p35v13.mp4
2018-04-21,t20,12.6%,220F39T,1/3,http://media.tagesschau.de/video/2018/0421/TV-20180421-2029-5701.h264.mp4
2018-04-21,hjo,0%,302FNANA,1/3,https://rodlzdf-a.akamaihd.net/none/zdf/18/04/180421_sendung_hjo/1/180421_sendung_hjo_2328k_p35v13.mp4
2018-04-21,tth,17.4%,257F27T,1/3,http://media.tagesschau.de/video/2018/0422/TV-20180422-0002-4801.h264.mp4
2018-04-22,h19,12.9%,7F3T,1/3,https://rodlzdf-a.akamaihd.net/none/zdf/18/04/180422_sendung_h19/1/180422_sendung_h19_2328k_p35v13.mp4
2018-04-22,t20,6.5%,239F20T,1/3,http://media.tagesschau.de/video/2018/0422/TV-20180422-2038-5501.h264.mp4
2018-04-22,hjo,0%,296FNANA,1/3,https://rodlzdf-a.akamaihd.net/none/zdf/18/04/180422_sendung_hjo/1/180422_sendung_hjo_2328k_p35v13.mp4
2018-04-22,tth,23.5%,260F50T,1/3,http://media.tagesschau.de/video/2018/0423/TV-20180423-0001-4701.h264.mp4
2018-04-23,h19,6%,326F24T,1/3,https://rodlzdf-a.akamaihd.net/none/zdf/18/04/180423_sendung_h19/2/180423_sendung_h19_2328k_p35v13.mp4
2018-04-23,t20,1.3%,248F4T,1/3,http://media.tagesschau.de/video/2018/0423/TV-20180423-2058-0401.h264.mp4
2018-04-23,tth,0%,604FNANA,1/3,http://media.tagesschau.de/video/2018/0423/TV-20180423-2256-0101.h264.mp4
2018-04-23,hjo,0%,592FNANA,1/3,https://rodlzdf-a.akamaihd.net/none/zdf/18/04/180423_sendung_hjo/1/180423_sendung_hjo_2328k_p35v13.mp4
2018-04-24,h19,7.3%,344F16T,1/3,https://rodlzdf-a.akamaihd.net/none/zdf/18/04/180424_sendung_h19/1/180424_sendung_h19_2328k_p35v13.mp4
2018-04-24,t20,0%,310FNANA,1/3,http://media.tagesschau.de/video/2018/0424/TV-20180424-2024-1901.h264.mp4
2018-04-24,tth,0%,604FNANA,1/3,http://media.tagesschau.de/video/2018/0424/TV-20180424-2257-5601.h264.mp4
2018-04-24,hjo,7.6%,508F45T,1/3,https://rodlzdf-a.akamaihd.net/none/zdf/18/04/180424_sendung_hjo/1/180424_sendung_hjo_2328k_p35v13.mp4
2018-04-25,h19,13.5%,3F5T,1/3,https://rodlzdf-a.akamaihd.net/none/zdf/18/04/180425_sendung_h19/1/180425_sendung_h19_2328k_p35v13.mp4
2018-04-25,t20,0%,303FNANA,1/3,http://media.tagesschau.de/video/2018/0425/TV-20180425-2041-3801.h264.mp4
2018-04-25,tth,3.1%,575F19T,1/3,http://media.tagesschau.de/video/2018/0425/TV-20180425-2314-4001.h264.mp4
2018-04-25,hjo,0%,189FNANA,1/3,https://rodlzdf-a.akamaihd.net/none/zdf/18/04/180425_sendung_hjo/1/180425_sendung_hjo_2328k_p35v13.mp4
2018-04-26,h19,6.3%,333F15T,1/3,https://rodlzdf-a.akamaihd.net/none/zdf/18/04/180426_sendung_h19/1/180426_sendung_h19_2328k_p35v13.mp4
2018-04-26,t20,0%,310FNANA,1/3,http://media.tagesschau.de/video/2018/0426/TV-20180426-2027-1001.h264.mp4
2018-04-26,hjo,0%,580FNANA,1/3,https://rodlzdf-a.akamaihd.net/none/zdf/18/04/180426_sendung_hjo/1/180426_sendung_hjo_2328k_p35v13.mp4
2018-04-26,tth,2.3%,348F14T,1/3,http://media.tagesschau.de/video/2018/0426/TV-20180426-2302-4501.h264.mp4
2018-04-27,h19,3%,338F12T,1/3,https://rodlzdf-a.akamaihd.net/none/zdf/18/04/180427_sendung_h19/1/180427_sendung_h19_2328k_p35v13.mp4
2018-04-27,t20,1.2%,277F4T,1/3,http://media.tagesschau.de/video/2018/0427/TV-20180427-2025-4901.h264.mp4
2018-04-27,tth,3%,376F13T,1/3,http://media.tagesschau.de/video/2018/0427/TV-20180427-2226-1201.h264.mp4
2018-04-27,hjo,5.6%,440F35T,1/3,https://rodlzdf-a.akamaihd.net/none/zdf/18/04/180427_sendung_hjo/1/180427_sendung_hjo_2328k_p35v13.mp4
2018-04-28,h19,9.9%,9F4T,1/3,https://rodlzdf-a.akamaihd.net/none/zdf/18/04/180428_sendung_h19/1/180428_sendung_h19_2328k_p35v13.mp4
2018-04-28,t20,12.7%,222F40T,1/3,http://media.tagesschau.de/video/2018/0428/TV-20180428-2021-5601.h264.mp4
2018-04-28,hjo,17.8%,213F53T,1/3,https://rodlzdf-a.akamaihd.net/none/zdf/18/04/180428_sendung_hjo/1/180428_sendung_hjo_2328k_p35v13.mp4
2018-04-28,tth,14.2%,256F32T,1/3,http://media.tagesschau.de/video/2018/0428/TV-20180428-2336-3001.h264.mp4
2018-04-29,h19,14.4%,7F3T,1/3,https://rodlzdf-a.akamaihd.net/none/zdf/18/04/180429_sendung_h19/1/180429_sendung_h19_2328k_p35v13.mp4
2018-04-29,t20,10.9%,241F19T,1/3,http://media.tagesschau.de/video/2018/0429/TV-20180429-2023-1001.h264.mp4
2018-04-29,tth,27.4%,237F51T,1/3,http://media.tagesschau.de/video/2018/0429/TV-20180429-2316-3801.h264.mp4
2018-04-29,hjo,2.8%,296F9T,1/3,https://rodlzdf-a.akamaihd.net/none/zdf/18/04/180429_sendung_hjo/1/180429_sendung_hjo_2328k_p35v13.mp4
